Workbook

Sheet Player_Stats_All_Time
A1: player_name | B1: games_played | C1: wins | D1: losses | E1: winrate | F1: total_goals | G1: avg_goals | H1: total_assists | I1: avg_assists | J1: total_damage | K1: avg_damage | L1: total_score | M1: avg_score | N1: avg_dps | O1: ELO_current | P1: ELO_change_10_matches | Q1: ELO_peak
A2: =IFERROR(__xludf.DUMMYFUNCTION("SORT(UNIQUE(FILTER(Raw!L2:L1000, Raw!L2:L1000<>""""))) "),"Aferdita") -> Aferdita | B2: {=IF(A2:A1000="", , COUNTIF(Raw!L:L, A2:A1000) )} -> 29 | C2: {=IF(A2:A1000="", , COUNTIFS(Raw!L:L, A2:A1000, Raw!I:I, "win") )} -> 13 | D2: {=IF(A2:A1000="", , COUNTIFS(Raw!L:L, A2:A1000, Raw!I:I, "loss") )} -> 16 | E2: {=IF(A2:A1000="", , IF(B2:B1000=0, , C2:C1000 / B2:B1000) )} -> 0.44827586 | F2: {=IF(A2:A1000="", , SUMIF(Raw!L:L, A2:A1000, Raw!M:M) )} -> 54 | G2: {=IF(A2:A1000="", , IF(B2:B1000=0, , F2:F1000 / B2:B1000) )} -> 1.862069 | H2: {=IF(A2:A1000="", , SUMIF(Raw!L:L, A2:A1000, Raw!O:O) )} -> 10 | I2: {=IF(A2:A1000="", , IF(B2:B1000=0, , H2:H1000 / B2:B1000) )} -> 0.34482759 | J2: {=IF(A2:A1000="", , SUMIF(Raw!L:L, A2:A1000, Raw!P:P) )} -> 46378 | K2: {=IF(A2:A1000="", , IF(B2:B1000=0, , J2:J1000 / B2:B1000) )} -> 1599.2414 | L2: {=IF(A2:A1000="", , SUMIF(Raw!L:L, A2:A1000, Raw!Q:Q) )} -> 2755 | M2: {=IF(A2:A1000="", , IF(B2:B1000=0, , L2:L1000 / B2:B1000) )} -> 95 | N2: {=IF(A2:A1000="", , IF( SUMIF(Raw!L:L, A2:A1000, Raw!E:E)=0, , SUMIF(Raw!L:L, A2:A1000, Raw!P:P) / SUMIF(Raw!L:L, A2:A1000, Raw!E:E) ) )} -> 1.638567 | O2: =IFERROR(__xludf.DUMMYFUNCTION("IFERROR(INDEX(FILTER(Elo_Player_All!$Q:$Q,Elo_Player_All!$C:$C=A2),ROWS(FILTER(Elo_Player_All!$Q:$Q,Elo_Player_All!$C:$C=A2)),1),1500)"),1484.0) -> 1484 | P2: =IFERROR(__xludf.DUMMYFUNCTION("IF(A2="""","""",IFERROR(SUM(QUERY(FILTER(Elo_Player_All!P:P,Elo_Player_All!C:C=A2),""LIMIT 10 OFFSET ""&MAX(0,COUNTIF(Elo_Player_All!C:C,A2)-10))),""""))"),-47.0) -> -47 | Q2: =IFERROR(__xludf.DUMMYFUNCTION("IF(A2="""","""",IFERROR(MAX(FILTER(Elo_Player_All!$Q:$Q,Elo_Player_All!$C:$C=A2)),""""))"),1543.0) -> 1543
A3: =IFERROR(__xludf.DUMMYFUNCTION("""COMPUTED_VALUE"""),"Anbuu") -> Anbuu | B3: 12 | C3: 8 | D3: 4 | E3: 0.66666667 | F3: 6 | G3: 0.5 | H3: 4 | I3: 0.33333333 | J3: 43928 | K3: 3660.6667 | L3: 1634 | M3: 136.16667 | N3: 3.4711972 | O3: =IFERROR(__xludf.DUMMYFUNCTION("IFERROR(INDEX(FILTER(Elo_Player_All!$Q:$Q,Elo_Player_All!$C:$C=A3),ROWS(FILTER(Elo_Player_All!$Q:$Q,Elo_Player_All!$C:$C=A3)),1),1500)"),1553.0) -> 1553 | P3: =IFERROR(__xludf.DUMMYFUNCTION("IF(A3="""","""",IFERROR(SUM(QUERY(FILTER(Elo_Player_All!P:P,Elo_Player_All!C:C=A3),""LIMIT 10 OFFSET ""&MAX(0,COUNTIF(Elo_Player_All!C:C,A3)-10))),""""))"),53.0) -> 53 | Q3: =IFERROR(__xludf.DUMMYFUNCTION("IF(A3="""","""",IFERROR(MAX(FILTER(Elo_Player_All!$Q:$Q,Elo_Player_All!$C:$C=A3)),""""))"),1572.0) -> 1572
A4: =IFERROR(__xludf.DUMMYFUNCTION("""COMPUTED_VALUE"""),"Kesny") -> Kesny | B4: 65 | C4: 23 | D4: 42 | E4: 0.35384615 | F4: 224 | G4: 3.4461538 | H4: 64 | I4: 0.98461538 | J4: 117398 | K4: 1806.1231 | L4: 9071 | M4: 139.55385 | N4: 1.9907414 | O4: =IFERROR(__xludf.DUMMYFUNCTION("IFERROR(INDEX(FILTER(Elo_Player_All!$Q:$Q,Elo_Player_All!$C:$C=A4),ROWS(FILTER(Elo_Player_All!$Q:$Q,Elo_Player_All!$C:$C=A4)),1),1500)"),1427.0) -> 1427 | P4: =IFERROR(__xludf.DUMMYFUNCTION("IF(A4="""","""",IFERROR(SUM(QUERY(FILTER(Elo_Player_All!P:P,Elo_Player_All!C:C=A4),""LIMIT 10 OFFSET ""&MAX(0,COUNTIF(Elo_Player_All!C:C,A4)-10))),""""))"),26.0) -> 26 | Q4: =IFERROR(__xludf.DUMMYFUNCTION("IF(A4="""","""",IFERROR(MAX(FILTER(Elo_Player_All!$Q:$Q,Elo_Player_All!$C:$C=A4)),""""))"),1542.0) -> 1542
A5: =IFERROR(__xludf.DUMMYFUNCTION("""COMPUTED_VALUE"""),"Malena") -> Malena | B5: 97 | C5: 52 | D5: 45 | E5: 0.53608247 | F5: 515 | G5: 5.3092784 | H5: 33 | I5: 0.34020619 | J5: 211553 | K5: 2180.9588 | L5: 15066 | M5: 155.31959 | N5: 2.5954239 | O5: =IFERROR(__xludf.DUMMYFUNCTION("IFERROR(INDEX(FILTER(Elo_Player_All!$Q:$Q,Elo_Player_All!$C:$C=A5),ROWS(FILTER(Elo_Player_All!$Q:$Q,Elo_Player_All!$C:$C=A5)),1),1500)"),1582.0) -> 1582 | P5: =IFERROR(__xludf.DUMMYFUNCTION("IF(A5="""","""",IFERROR(SUM(QUERY(FILTER(Elo_Player_All!P:P,Elo_Player_All!C:C=A5),""LIMIT 10 OFFSET ""&MAX(0,COUNTIF(Elo_Player_All!C:C,A5)-10))),""""))"),19.0) -> 19 | Q5: =IFERROR(__xludf.DUMMYFUNCTION("IF(A5="""","""",IFERROR(MAX(FILTER(Elo_Player_All!$Q:$Q,Elo_Player_All!$C:$C=A5)),""""))"),1632.0) -> 1632
A6: =IFERROR(__xludf.DUMMYFUNCTION("""COMPUTED_VALUE"""),"Nebus.") -> Nebus. | B6: 93 | C6: 61 | D6: 32 | E6: 0.65591398 | F6: 328 | G6: 3.5268817 | H6: 37 | I6: 0.39784946 | J6: 233687 | K6: 2512.7634 | L6: 13269 | M6: 142.67742 | N6: 2.9824895 | O6: =IFERROR(__xludf.DUMMYFUNCTION("IFERROR(INDEX(FILTER(Elo_Player_All!$Q:$Q,Elo_Player_All!$C:$C=A6),ROWS(FILTER(Elo_Player_All!$Q:$Q,Elo_Player_All!$C:$C=A6)),1),1500)"),1590.0) -> 1590 | P6: =IFERROR(__xludf.DUMMYFUNCTION("IF(A6="""","""",IFERROR(SUM(QUERY(FILTER(Elo_Player_All!P:P,Elo_Player_All!C:C=A6),""LIMIT 10 OFFSET ""&MAX(0,COUNTIF(Elo_Player_All!C:C,A6)-10))),""""))"),0.0) -> 0 | Q6: =IFERROR(__xludf.DUMMYFUNCTION("IF(A6="""","""",IFERROR(MAX(FILTER(Elo_Player_All!$Q:$Q,Elo_Player_All!$C:$C=A6)),""""))"),1625.0) -> 1625
A7: =IFERROR(__xludf.DUMMYFUNCTION("""COMPUTED_VALUE"""),"Tess1509") -> Tess1509 | B7: 55 | C7: 12 | D7: 43 | E7: 0.21818182 | F7: 59 | G7: 1.0727273 | H7: 22 | I7: 0.4 | J7: 115353 | K7: 2097.3273 | L7: 5045 | M7: 91.727273 | N7: 2.4975209 | O7: =IFERROR(__xludf.DUMMYFUNCTION("IFERROR(INDEX(FILTER(Elo_Player_All!$Q:$Q,Elo_Player_All!$C:$C=A7),ROWS(FILTER(Elo_Player_All!$Q:$Q,Elo_Player_All!$C:$C=A7)),1),1500)"),1359.0) -> 1359 | P7: =IFERROR(__xludf.DUMMYFUNCTION("IF(A7="""","""",IFERROR(SUM(QUERY(FILTER(Elo_Player_All!P:P,Elo_Player_All!C:C=A7),""LIMIT 10 OFFSET ""&MAX(0,COUNTIF(Elo_Player_All!C:C,A7)-10))),""""))"),-55.0) -> -55 | Q7: =IFERROR(__xludf.DUMMYFUNCTION("IF(A7="""","""",IFERROR(MAX(FILTER(Elo_Player_All!$Q:$Q,Elo_Player_All!$C:$C=A7)),""""))"),1485.0) -> 1485
A8: =IFERROR(__xludf.DUMMYFUNCTION("""COMPUTED_VALUE"""),"Troniix") -> Troniix | B8: 5 | C8: 0 | D8: 5 | E8: 0 | F8: 0 | G8: 0 | H8: 2 | I8: 0.4 | J8: 9856 | K8: 1971.2 | L8: 339 | M8: 67.8 | N8: 2.1970575 | O8: =IFERROR(__xludf.DUMMYFUNCTION("IFERROR(INDEX(FILTER(Elo_Player_All!$Q:$Q,Elo_Player_All!$C:$C=A8),ROWS(FILTER(Elo_Player_All!$Q:$Q,Elo_Player_All!$C:$C=A8)),1),1500)"),1431.0) -> 1431 | P8: =IFERROR(__xludf.DUMMYFUNCTION("IF(A8="""","""",IFERROR(SUM(QUERY(FILTER(Elo_Player_All!P:P,Elo_Player_All!C:C=A8),""LIMIT 10 OFFSET ""&MAX(0,COUNTIF(Elo_Player_All!C:C,A8)-10))),""""))"),-69.0) -> -69 | Q8: =IFERROR(__xludf.DUMMYFUNCTION("IF(A8="""","""",IFERROR(MAX(FILTER(Elo_Player_All!$Q:$Q,Elo_Player_All!$C:$C=A8)),""""))"),1485.0) -> 1485
A9: =IFERROR(__xludf.DUMMYFUNCTION("""COMPUTED_VALUE"""),"ZeroO") -> ZeroO | B9: 92 | C9: 55 | D9: 37 | E9: 0.59782609 | F9: 451 | G9: 4.9021739 | H9: 46 | I9: 0.5 | J9: 199745 | K9: 2171.1413 | L9: 13792 | M9: 149.91304 | N9: 2.5809849 | O9: =IFERROR(__xludf.DUMMYFUNCTION("IFERROR(INDEX(FILTER(Elo_Player_All!$Q:$Q,Elo_Player_All!$C:$C=A9),ROWS(FILTER(Elo_Player_All!$Q:$Q,Elo_Player_All!$C:$C=A9)),1),1500)"),1547.0) -> 1547 | P9: =IFERROR(__xludf.DUMMYFUNCTION("IF(A9="""","""",IFERROR(SUM(QUERY(FILTER(Elo_Player_All!P:P,Elo_Player_All!C:C=A9),""LIMIT 10 OFFSET ""&MAX(0,COUNTIF(Elo_Player_All!C:C,A9)-10))),""""))"),14.0) -> 14 | Q9: =IFERROR(__xludf.DUMMYFUNCTION("IF(A9="""","""",IFERROR(MAX(FILTER(Elo_Player_All!$Q:$Q,Elo_Player_All!$C:$C=A9)),""""))"),1603.0) -> 1603
O10: =IFERROR(__xludf.DUMMYFUNCTION("IFERROR(INDEX(FILTER(Elo_Player_All!$Q:$Q,Elo_Player_All!$C:$C=A10),ROWS(FILTER(Elo_Player_All!$Q:$Q,Elo_Player_All!$C:$C=A10)),1),1500)"),"") | P10: =IFERROR(__xludf.DUMMYFUNCTION("IF(A10="""","""",IFERROR(SUM(QUERY(FILTER(Elo_Player_All!P:P,Elo_Player_All!C:C=A10),""LIMIT 10 OFFSET ""&MAX(0,COUNTIF(Elo_Player_All!C:C,A10)-10))),""""))"),"") | Q10: =IFERROR(__xludf.DUMMYFUNCTION("IF(A10="""","""",IFERROR(MAX(FILTER(Elo_Player_All!$Q:$Q,Elo_Player_All!$C:$C=A10)),""""))"),"")
O11: =IFERROR(__xludf.DUMMYFUNCTION("IFERROR(INDEX(FILTER(Elo_Player_All!$Q:$Q,Elo_Player_All!$C:$C=A11),ROWS(FILTER(Elo_Player_All!$Q:$Q,Elo_Player_All!$C:$C=A11)),1),1500)"),"") | P11: =IFERROR(__xludf.DUMMYFUNCTION("IF(A11="""","""",IFERROR(SUM(QUERY(FILTER(Elo_Player_All!P:P,Elo_Player_All!C:C=A11),""LIMIT 10 OFFSET ""&MAX(0,COUNTIF(Elo_Player_All!C:C,A11)-10))),""""))"),"") | Q11: =IFERROR(__xludf.DUMMYFUNCTION("IF(A11="""","""",IFERROR(MAX(FILTER(Elo_Player_All!$Q:$Q,Elo_Player_All!$C:$C=A11)),""""))"),"")
O12: =IFERROR(__xludf.DUMMYFUNCTION("IFERROR(INDEX(FILTER(Elo_Player_All!$Q:$Q,Elo_Player_All!$C:$C=A12),ROWS(FILTER(Elo_Player_All!$Q:$Q,Elo_Player_All!$C:$C=A12)),1),1500)"),"") | P12: =IFERROR(__xludf.DUMMYFUNCTION("IF(A12="""","""",IFERROR(SUM(QUERY(FILTER(Elo_Player_All!P:P,Elo_Player_All!C:C=A12),""LIMIT 10 OFFSET ""&MAX(0,COUNTIF(Elo_Player_All!C:C,A12)-10))),""""))"),"") | Q12: =IFERROR(__xludf.DUMMYFUNCTION("IF(A12="""","""",IFERROR(MAX(FILTER(Elo_Player_All!$Q:$Q,Elo_Player_All!$C:$C=A12)),""""))"),"")
O13: =IFERROR(__xludf.DUMMYFUNCTION("IFERROR(INDEX(FILTER(Elo_Player_All!$Q:$Q,Elo_Player_All!$C:$C=A13),ROWS(FILTER(Elo_Player_All!$Q:$Q,Elo_Player_All!$C:$C=A13)),1),1500)"),"") | P13: =IFERROR(__xludf.DUMMYFUNCTION("IF(A13="""","""",IFERROR(SUM(QUERY(FILTER(Elo_Player_All!P:P,Elo_Player_All!C:C=A13),""LIMIT 10 OFFSET ""&MAX(0,COUNTIF(Elo_Player_All!C:C,A13)-10))),""""))"),"") | Q13: =IFERROR(__xludf.DUMMYFUNCTION("IF(A13="""","""",IFERROR(MAX(FILTER(Elo_Player_All!$Q:$Q,Elo_Player_All!$C:$C=A13)),""""))"),"")
O14: =IFERROR(__xludf.DUMMYFUNCTION("IFERROR(INDEX(FILTER(Elo_Player_All!$Q:$Q,Elo_Player_All!$C:$C=A14),ROWS(FILTER(Elo_Player_All!$Q:$Q,Elo_Player_All!$C:$C=A14)),1),1500)"),"") | P14: =IFERROR(__xludf.DUMMYFUNCTION("IF(A14="""","""",IFERROR(SUM(QUERY(FILTER(Elo_Player_All!P:P,Elo_Player_All!C:C=A14),""LIMIT 10 OFFSET ""&MAX(0,COUNTIF(Elo_Player_All!C:C,A14)-10))),""""))"),"") | Q14: =IFERROR(__xludf.DUMMYFUNCTION("IF(A14="""","""",IFERROR(MAX(FILTER(Elo_Player_All!$Q:$Q,Elo_Player_All!$C:$C=A14)),""""))"),"")
O15: =IFERROR(__xludf.DUMMYFUNCTION("IFERROR(INDEX(FILTER(Elo_Player_All!$Q:$Q,Elo_Player_All!$C:$C=A15),ROWS(FILTER(Elo_Player_All!$Q:$Q,Elo_Player_All!$C:$C=A15)),1),1500)"),"") | P15: =IFERROR(__xludf.DUMMYFUNCTION("IF(A15="""","""",IFERROR(SUM(QUERY(FILTER(Elo_Player_All!P:P,Elo_Player_All!C:C=A15),""LIMIT 10 OFFSET ""&MAX(0,COUNTIF(Elo_Player_All!C:C,A15)-10))),""""))"),"") | Q15: =IFERROR(__xludf.DUMMYFUNCTION("IF(A15="""","""",IFERROR(MAX(FILTER(Elo_Player_All!$Q:$Q,Elo_Player_All!$C:$C=A15)),""""))"),"")
O16: =IFERROR(__xludf.DUMMYFUNCTION("IFERROR(INDEX(FILTER(Elo_Player_All!$Q:$Q,Elo_Player_All!$C:$C=A16),ROWS(FILTER(Elo_Player_All!$Q:$Q,Elo_Player_All!$C:$C=A16)),1),1500)"),"") | P16: =IFERROR(__xludf.DUMMYFUNCTION("IF(A16="""","""",IFERROR(SUM(QUERY(FILTER(Elo_Player_All!P:P,Elo_Player_All!C:C=A16),""LIMIT 10 OFFSET ""&MAX(0,COUNTIF(Elo_Player_All!C:C,A16)-10))),""""))"),"") | Q16: =IFERROR(__xludf.DUMMYFUNCTION("IF(A16="""","""",IFERROR(MAX(FILTER(Elo_Player_All!$Q:$Q,Elo_Player_All!$C:$C=A16)),""""))"),"")
O17: =IFERROR(__xludf.DUMMYFUNCTION("IFERROR(INDEX(FILTER(Elo_Player_All!$Q:$Q,Elo_Player_All!$C:$C=A17),ROWS(FILTER(Elo_Player_All!$Q:$Q,Elo_Player_All!$C:$C=A17)),1),1500)"),"") | P17: =IFERROR(__xludf.DUMMYFUNCTION("IF(A17="""","""",IFERROR(SUM(QUERY(FILTER(Elo_Player_All!P:P,Elo_Player_All!C:C=A17),""LIMIT 10 OFFSET ""&MAX(0,COUNTIF(Elo_Player_All!C:C,A17)-10))),""""))"),"") | Q17: =IFERROR(__xludf.DUMMYFUNCTION("IF(A17="""","""",IFERROR(MAX(FILTER(Elo_Player_All!$Q:$Q,Elo_Player_All!$C:$C=A17)),""""))"),"")
O18: =IFERROR(__xludf.DUMMYFUNCTION("IFERROR(INDEX(FILTER(Elo_Player_All!$Q:$Q,Elo_Player_All!$C:$C=A18),ROWS(FILTER(Elo_Player_All!$Q:$Q,Elo_Player_All!$C:$C=A18)),1),1500)"),"") | P18: =IFERROR(__xludf.DUMMYFUNCTION("IF(A18="""","""",IFERROR(SUM(QUERY(FILTER(Elo_Player_All!P:P,Elo_Player_All!C:C=A18),""LIMIT 10 OFFSET ""&MAX(0,COUNTIF(Elo_Player_All!C:C,A18)-10))),""""))"),"") | Q18: =IFERROR(__xludf.DUMMYFUNCTION("IF(A18="""","""",IFERROR(MAX(FILTER(Elo_Player_All!$Q:$Q,Elo_Player_All!$C:$C=A18)),""""))"),"")
O19: =IFERROR(__xludf.DUMMYFUNCTION("IFERROR(INDEX(FILTER(Elo_Player_All!$Q:$Q,Elo_Player_All!$C:$C=A19),ROWS(FILTER(Elo_Player_All!$Q:$Q,Elo_Player_All!$C:$C=A19)),1),1500)"),"") | P19: =IFERROR(__xludf.DUMMYFUNCTION("IF(A19="""","""",IFERROR(SUM(QUERY(FILTER(Elo_Player_All!P:P,Elo_Player_All!C:C=A19),""LIMIT 10 OFFSET ""&MAX(0,COUNTIF(Elo_Player_All!C:C,A19)-10))),""""))"),"") | Q19: =IFERROR(__xludf.DUMMYFUNCTION("IF(A19="""","""",IFERROR(MAX(FILTER(Elo_Player_All!$Q:$Q,Elo_Player_All!$C:$C=A19)),""""))"),"")
O20: =IFERROR(__xludf.DUMMYFUNCTION("IFERROR(INDEX(FILTER(Elo_Player_All!$Q:$Q,Elo_Player_All!$C:$C=A20),ROWS(FILTER(Elo_Player_All!$Q:$Q,Elo_Player_All!$C:$C=A20)),1),1500)"),"") | P20: =IFERROR(__xludf.DUMMYFUNCTION("IF(A20="""","""",IFERROR(SUM(QUERY(FILTER(Elo_Player_All!P:P,Elo_Player_All!C:C=A20),""LIMIT 10 OFFSET ""&MAX(0,COUNTIF(Elo_Player_All!C:C,A20)-10))),""""))"),"") | Q20: =IFERROR(__xludf.DUMMYFUNCTION("IF(A20="""","""",IFERROR(MAX(FILTER(Elo_Player_All!$Q:$Q,Elo_Player_All!$C:$C=A20)),""""))"),"")
O21: =IFERROR(__xludf.DUMMYFUNCTION("IFERROR(INDEX(FILTER(Elo_Player_All!$Q:$Q,Elo_Player_All!$C:$C=A21),ROWS(FILTER(Elo_Player_All!$Q:$Q,Elo_Player_All!$C:$C=A21)),1),1500)"),"") | P21: =IFERROR(__xludf.DUMMYFUNCTION("IF(A21="""","""",IFERROR(SUM(QUERY(FILTER(Elo_Player_All!P:P,Elo_Player_All!C:C=A21),""LIMIT 10 OFFSET ""&MAX(0,COUNTIF(Elo_Player_All!C:C,A21)-10))),""""))"),"") | Q21: =IFERROR(__xludf.DUMMYFUNCTION("IF(A21="""","""",IFERROR(MAX(FILTER(Elo_Player_All!$Q:$Q,Elo_Player_All!$C:$C=A21)),""""))"),"")
O22: =IFERROR(__xludf.DUMMYFUNCTION("IFERROR(INDEX(FILTER(Elo_Player_All!$Q:$Q,Elo_Player_All!$C:$C=A22),ROWS(FILTER(Elo_Player_All!$Q:$Q,Elo_Player_All!$C:$C=A22)),1),1500)"),"") | P22: =IFERROR(__xludf.DUMMYFUNCTION("IF(A22="""","""",IFERROR(SUM(QUERY(FILTER(Elo_Player_All!P:P,Elo_Player_All!C:C=A22),""LIMIT 10 OFFSET ""&MAX(0,COUNTIF(Elo_Player_All!C:C,A22)-10))),""""))"),"") | Q22: =IFERROR(__xludf.DUMMYFUNCTION("IF(A22="""","""",IFERROR(MAX(FILTER(Elo_Player_All!$Q:$Q,Elo_Player_All!$C:$C=A22)),""""))"),"")
O23: =IFERROR(__xludf.DUMMYFUNCTION("IFERROR(INDEX(FILTER(Elo_Player_All!$Q:$Q,Elo_Player_All!$C:$C=A23),ROWS(FILTER(Elo_Player_All!$Q:$Q,Elo_Player_All!$C:$C=A23)),1),1500)"),"") | P23: =IFERROR(__xludf.DUMMYFUNCTION("IF(A23="""","""",IFERROR(SUM(QUERY(FILTER(Elo_Player_All!P:P,Elo_Player_All!C:C=A23),""LIMIT 10 OFFSET ""&MAX(0,COUNTIF(Elo_Player_All!C:C,A23)-10))),""""))"),"") | Q23: =IFERROR(__xludf.DUMMYFUNCTION("IF(A23="""","""",IFERROR(MAX(FILTER(Elo_Player_All!$Q:$Q,Elo_Player_All!$C:$C=A23)),""""))"),"")
O24: =IFERROR(__xludf.DUMMYFUNCTION("IFERROR(INDEX(FILTER(Elo_Player_All!$Q:$Q,Elo_Player_All!$C:$C=A24),ROWS(FILTER(Elo_Player_All!$Q:$Q,Elo_Player_All!$C:$C=A24)),1),1500)"),"") | P24: =IFERROR(__xludf.DUMMYFUNCTION("IF(A24="""","""",IFERROR(SUM(QUERY(FILTER(Elo_Player_All!P:P,Elo_Player_All!C:C=A24),""LIMIT 10 OFFSET ""&MAX(0,COUNTIF(Elo_Player_All!C:C,A24)-10))),""""))"),"") | Q24: =IFERROR(__xludf.DUMMYFUNCTION("IF(A24="""","""",IFERROR(MAX(FILTER(Elo_Player_All!$Q:$Q,Elo_Player_All!$C:$C=A24)),""""))"),"")
O25: =IFERROR(__xludf.DUMMYFUNCTION("IFERROR(INDEX(FILTER(Elo_Player_All!$Q:$Q,Elo_Player_All!$C:$C=A25),ROWS(FILTER(Elo_Player_All!$Q:$Q,Elo_Player_All!$C:$C=A25)),1),1500)"),"") | P25: =IFERROR(__xludf.DUMMYFUNCTION("IF(A25="""","""",IFERROR(SUM(QUERY(FILTER(Elo_Player_All!P:P,Elo_Player_All!C:C=A25),""LIMIT 10 OFFSET ""&MAX(0,COUNTIF(Elo_Player_All!C:C,A25)-10))),""""))"),"") | Q25: =IFERROR(__xludf.DUMMYFUNCTION("IF(A25="""","""",IFERROR(MAX(FILTER(Elo_Player_All!$Q:$Q,Elo_Player_All!$C:$C=A25)),""""))"),"")
O26: =IFERROR(__xludf.DUMMYFUNCTION("IFERROR(INDEX(FILTER(Elo_Player_All!$Q:$Q,Elo_Player_All!$C:$C=A26),ROWS(FILTER(Elo_Player_All!$Q:$Q,Elo_Player_All!$C:$C=A26)),1),1500)"),"") | P26: =IFERROR(__xludf.DUMMYFUNCTION("IF(A26="""","""",IFERROR(SUM(QUERY(FILTER(Elo_Player_All!P:P,Elo_Player_All!C:C=A26),""LIMIT 10 OFFSET ""&MAX(0,COUNTIF(Elo_Player_All!C:C,A26)-10))),""""))"),"") | Q26: =IFERROR(__xludf.DUMMYFUNCTION("IF(A26="""","""",IFERROR(MAX(FILTER(Elo_Player_All!$Q:$Q,Elo_Player_All!$C:$C=A26)),""""))"),"")
O27: =IFERROR(__xludf.DUMMYFUNCTION("IFERROR(INDEX(FILTER(Elo_Player_All!$Q:$Q,Elo_Player_All!$C:$C=A27),ROWS(FILTER(Elo_Player_All!$Q:$Q,Elo_Player_All!$C:$C=A27)),1),1500)"),"") | P27: =IFERROR(__xludf.DUMMYFUNCTION("IF(A27="""","""",IFERROR(SUM(QUERY(FILTER(Elo_Player_All!P:P,Elo_Player_All!C:C=A27),""LIMIT 10 OFFSET ""&MAX(0,COUNTIF(Elo_Player_All!C:C,A27)-10))),""""))"),"") | Q27: =IFERROR(__xludf.DUMMYFUNCTION("IF(A27="""","""",IFERROR(MAX(FILTER(Elo_Player_All!$Q:$Q,Elo_Player_All!$C:$C=A27)),""""))"),"")
O28: =IFERROR(__xludf.DUMMYFUNCTION("IFERROR(INDEX(FILTER(Elo_Player_All!$Q:$Q,Elo_Player_All!$C:$C=A28),ROWS(FILTER(Elo_Player_All!$Q:$Q,Elo_Player_All!$C:$C=A28)),1),1500)"),"") | P28: =IFERROR(__xludf.DUMMYFUNCTION("IF(A28="""","""",IFERROR(SUM(QUERY(FILTER(Elo_Player_All!P:P,Elo_Player_All!C:C=A28),""LIMIT 10 OFFSET ""&MAX(0,COUNTIF(Elo_Player_All!C:C,A28)-10))),""""))"),"") | Q28: =IFERROR(__xludf.DUMMYFUNCTION("IF(A28="""","""",IFERROR(MAX(FILTER(Elo_Player_All!$Q:$Q,Elo_Player_All!$C:$C=A28)),""""))"),"")
O29: =IFERROR(__xludf.DUMMYFUNCTION("IFERROR(INDEX(FILTER(Elo_Player_All!$Q:$Q,Elo_Player_All!$C:$C=A29),ROWS(FILTER(Elo_Player_All!$Q:$Q,Elo_Player_All!$C:$C=A29)),1),1500)"),"") | P29: =IFERROR(__xludf.DUMMYFUNCTION("IF(A29="""","""",IFERROR(SUM(QUERY(FILTER(Elo_Player_All!P:P,Elo_Player_All!C:C=A29),""LIMIT 10 OFFSET ""&MAX(0,COUNTIF(Elo_Player_All!C:C,A29)-10))),""""))"),"") | Q29: =IFERROR(__xludf.DUMMYFUNCTION("IF(A29="""","""",IFERROR(MAX(FILTER(Elo_Player_All!$Q:$Q,Elo_Player_All!$C:$C=A29)),""""))"),"")
O30: =IFERROR(__xludf.DUMMYFUNCTION("IFERROR(INDEX(FILTER(Elo_Player_All!$Q:$Q,Elo_Player_All!$C:$C=A30),ROWS(FILTER(Elo_Player_All!$Q:$Q,Elo_Player_All!$C:$C=A30)),1),1500)"),"") | P30: =IFERROR(__xludf.DUMMYFUNCTION("IF(A30="""","""",IFERROR(SUM(QUERY(FILTER(Elo_Player_All!P:P,Elo_Player_All!C:C=A30),""LIMIT 10 OFFSET ""&MAX(0,COUNTIF(Elo_Player_All!C:C,A30)-10))),""""))"),"")
O31: =IFERROR(__xludf.DUMMYFUNCTION("IFERROR(INDEX(FILTER(Elo_Player_All!$Q:$Q,Elo_Player_All!$C:$C=A31),ROWS(FILTER(Elo_Player_All!$Q:$Q,Elo_Player_All!$C:$C=A31)),1),1500)"),"") | P31: =IFERROR(__xludf.DUMMYFUNCTION("IF(A31="""","""",IFERROR(SUM(QUERY(FILTER(Elo_Player_All!P:P,Elo_Player_All!C:C=A31),""LIMIT 10 OFFSET ""&MAX(0,COUNTIF(Elo_Player_All!C:C,A31)-10))),""""))"),"") | Q31: =IFERROR(__xludf.DUMMYFUNCTION("IF(A31="""","""",IFERROR(MAX(FILTER(Elo_Player_All!$Q:$Q,Elo_Player_All!$C:$C=A31)),""""))"),"")
O32: =IFERROR(__xludf.DUMMYFUNCTION("IFERROR(INDEX(FILTER(Elo_Player_All!$Q:$Q,Elo_Player_All!$C:$C=A32),ROWS(FILTER(Elo_Player_All!$Q:$Q,Elo_Player_All!$C:$C=A32)),1),1500)"),"") | P32: =IFERROR(__xludf.DUMMYFUNCTION("IF(A32="""","""",IFERROR(SUM(QUERY(FILTER(Elo_Player_All!P:P,Elo_Player_All!C:C=A32),""LIMIT 10 OFFSET ""&MAX(0,COUNTIF(Elo_Player_All!C:C,A32)-10))),""""))"),"") | Q32: =IFERROR(__xludf.DUMMYFUNCTION("IF(A32="""","""",IFERROR(MAX(FILTER(Elo_Player_All!$Q:$Q,Elo_Player_All!$C:$C=A32)),""""))"),"")
O33: =IFERROR(__xludf.DUMMYFUNCTION("IFERROR(INDEX(FILTER(Elo_Player_All!$Q:$Q,Elo_Player_All!$C:$C=A33),ROWS(FILTER(Elo_Player_All!$Q:$Q,Elo_Player_All!$C:$C=A33)),1),1500)"),"") | P33: =IFERROR(__xludf.DUMMYFUNCTION("IF(A33="""","""",IFERROR(SUM(QUERY(FILTER(Elo_Player_All!P:P,Elo_Player_All!C:C=A33),""LIMIT 10 OFFSET ""&MAX(0,COUNTIF(Elo_Player_All!C:C,A33)-10))),""""))"),"") | Q33: =IFERROR(__xludf.DUMMYFUNCTION("IF(A33="""","""",IFERROR(MAX(FILTER(Elo_Player_All!$Q:$Q,Elo_Player_All!$C:$C=A33)),""""))"),"")
O34: =IFERROR(__xludf.DUMMYFUNCTION("IFERROR(INDEX(FILTER(Elo_Player_All!$Q:$Q,Elo_Player_All!$C:$C=A34),ROWS(FILTER(Elo_Player_All!$Q:$Q,Elo_Player_All!$C:$C=A34)),1),1500)"),"") | P34: =IFERROR(__xludf.DUMMYFUNCTION("IF(A34="""","""",IFERROR(SUM(QUERY(FILTER(Elo_Player_All!P:P,Elo_Player_All!C:C=A34),""LIMIT 10 OFFSET ""&MAX(0,COUNTIF(Elo_Player_All!C:C,A34)-10))),""""))"),"") | Q34: =IFERROR(__xludf.DUMMYFUNCTION("IF(A34="""","""",IFERROR(MAX(FILTER(Elo_Player_All!$Q:$Q,Elo_Player_All!$C:$C=A34)),""""))"),"")
O35: =IFERROR(__xludf.DUMMYFUNCTION("IFERROR(INDEX(FILTER(Elo_Player_All!$Q:$Q,Elo_Player_All!$C:$C=A35),ROWS(FILTER(Elo_Player_All!$Q:$Q,Elo_Player_All!$C:$C=A35)),1),1500)"),"") | P35: =IFERROR(__xludf.DUMMYFUNCTION("IF(A35="""","""",IFERROR(SUM(QUERY(FILTER(Elo_Player_All!P:P,Elo_Player_All!C:C=A35),""LIMIT 10 OFFSET ""&MAX(0,COUNTIF(Elo_Player_All!C:C,A35)-10))),""""))"),"") | Q35: =IFERROR(__xludf.DUMMYFUNCTION("IF(A35="""","""",IFERROR(MAX(FILTER(Elo_Player_All!$Q:$Q,Elo_Player_All!$C:$C=A35)),""""))"),"")
O36: =IFERROR(__xludf.DUMMYFUNCTION("IFERROR(INDEX(FILTER(Elo_Player_All!$Q:$Q,Elo_Player_All!$C:$C=A36),ROWS(FILTER(Elo_Player_All!$Q:$Q,Elo_Player_All!$C:$C=A36)),1),1500)"),"") | Q36: =IFERROR(__xludf.DUMMYFUNCTION("IF(A36="""","""",IFERROR(MAX(FILTER(Elo_Player_All!$Q:$Q,Elo_Player_All!$C:$C=A36)),""""))"),"")
O37: =IFERROR(__xludf.DUMMYFUNCTION("IFERROR(INDEX(FILTER(Elo_Player_All!$Q:$Q,Elo_Player_All!$C:$C=A37),ROWS(FILTER(Elo_Player_All!$Q:$Q,Elo_Player_All!$C:$C=A37)),1),1500)"),"")
O38: =IFERROR(__xludf.DUMMYFUNCTION("IFERROR(INDEX(FILTER(Elo_Player_All!$Q:$Q,Elo_Player_All!$C:$C=A38),ROWS(FILTER(Elo_Player_All!$Q:$Q,Elo_Player_All!$C:$C=A38)),1),1500)"),"")
O39: =IFERROR(__xludf.DUMMYFUNCTION("IFERROR(INDEX(FILTER(Elo_Player_All!$Q:$Q,Elo_Player_All!$C:$C=A39),ROWS(FILTER(Elo_Player_All!$Q:$Q,Elo_Player_All!$C:$C=A39)),1),1500)"),"")
O40: =IFERROR(__xludf.DUMMYFUNCTION("IFERROR(INDEX(FILTER(Elo_Player_All!$Q:$Q,Elo_Player_All!$C:$C=A40),ROWS(FILTER(Elo_Player_All!$Q:$Q,Elo_Player_All!$C:$C=A40)),1),1500)"),"")
O41: =IFERROR(__xludf.DUMMYFUNCTION("IFERROR(INDEX(FILTER(Elo_Player_All!$Q:$Q,Elo_Player_All!$C:$C=A41),ROWS(FILTER(Elo_Player_All!$Q:$Q,Elo_Player_All!$C:$C=A41)),1),1500)"),"")
O42: =IFERROR(__xludf.DUMMYFUNCTION("IFERROR(INDEX(FILTER(Elo_Player_All!$Q:$Q,Elo_Player_All!$C:$C=A42),ROWS(FILTER(Elo_Player_All!$Q:$Q,Elo_Player_All!$C:$C=A42)),1),1500)"),"")
O43: =IFERROR(__xludf.DUMMYFUNCTION("IFERROR(INDEX(FILTER(Elo_Player_All!$Q:$Q,Elo_Player_All!$C:$C=A43),ROWS(FILTER(Elo_Player_All!$Q:$Q,Elo_Player_All!$C:$C=A43)),1),1500)"),"")
O44: =IFERROR(__xludf.DUMMYFUNCTION("IFERROR(INDEX(FILTER(Elo_Player_All!$Q:$Q,Elo_Player_All!$C:$C=A44),ROWS(FILTER(Elo_Player_All!$Q:$Q,Elo_Player_All!$C:$C=A44)),1),1500)"),"")
O45: =IFERROR(__xludf.DUMMYFUNCTION("IFERROR(INDEX(FILTER(Elo_Player_All!$Q:$Q,Elo_Player_All!$C:$C=A45),ROWS(FILTER(Elo_Player_All!$Q:$Q,Elo_Player_All!$C:$C=A45)),1),1500)"),"")

Sheet Player_Stats_All_Time_2v2
A1: player_name | B1: games_played | C1: wins | D1: losses | E1: winrate | F1: total_goals | G1: avg_goals | H1: total_assists | I1: avg_assists | J1: total_damage | K1: avg_damage | L1: total_score | M1: avg_score | N1: avg_dps
A2: =IFERROR(__xludf.DUMMYFUNCTION("SORT( UNIQUE( FILTER( Raw!L2:L1000, Raw!L2:L1000<>"""", Raw!F2:F1000=""2v2"" ) ) ) "),"Aferdita") -> Aferdita | B2: {=IF(A2:A1000="", , COUNTIFS( Raw!L:L, A2:A1000, Raw!F:F, "2v2" ) )} -> 8 | C2: {=IF(A2:A1000="", , COUNTIFS( Raw!L:L, A2:A1000, Raw!I:I, "win", Raw!F:F, "2v2" ) )} -> 3 | D2: {=IF(A2:A1000="", , COUNTIFS( Raw!L:L, A2:A1000, Raw!I:I, "loss", Raw!F:F, "2v2" ) )} -> 5 | E2: {=IF(A2:A1000="", , IF(B2:B1000=0, , C2:C1000 / B2:B1000) )} -> 0.375 | F2: =IFERROR(__xludf.DUMMYFUNCTION("ARRAYFORMULA( MAP( A2:A1000, LAMBDA(id, IF(id="""",, SUM( FILTER( N(Raw!M:M), Raw!L:L = id, TRIM(SUBSTITUTE(Raw!F:F, CHAR(160), "" "")) = ""2v2"" ) ) ) ) ) ) "),15.0) -> 15 | G2: {=IF(A2:A1000="", , IF(B2:B1000=0, , F2:F1000 / B2:B1000) )} -> 1.875 | H2: =IFERROR(__xludf.DUMMYFUNCTION("ARRAYFORMULA( MAP( A2:A1000, LAMBDA(id, IF(id="""",, SUM( FILTER( N(Raw!O:O), Raw!L:L = id, TRIM(SUBSTITUTE(Raw!F:F, CHAR(160), "" "")) = ""2v2"" ) ) ) ) ) ) "),3.0) -> 3 | I2: {=IF(A2:A1000="", , IF(B2:B1000=0, , H2:H1000 / B2:B1000) )} -> 0.375 | J2: =IFERROR(__xludf.DUMMYFUNCTION("ARRAYFORMULA( MAP( A2:A1000, LAMBDA(id, IF(id="""",, SUM( FILTER( N(Raw!P:P), Raw!L:L = id, TRIM(SUBSTITUTE(Raw!F:F, CHAR(160), "" "")) = ""2v2"" ) ) ) ) ) ) "),12694.0) -> 12694 | K2: {=IF(A2:A1000="", , IF(B2:B1000=0, , J2:J1000 / B2:B1000) )} -> 1586.75 | L2: =IFERROR(__xludf.DUMMYFUNCTION("ARRAYFORMULA( MAP( A2:A1000, LAMBDA(id, IF(id="""",, SUM( FILTER( N(Raw!Q:Q), Raw!L:L = id, TRIM(SUBSTITUTE(Raw!F:F, CHAR(160), "" "")) = ""2v2"" ) ) ) ) ) ) "),727.0) -> 727 | M2: {=IF(A2:A1000="", , IF(B2:B1000=0, , L2:L1000 / B2:B1000) )} -> 90.875 | N2: {=MAP( A2:A1000, LAMBDA(id, IF(id="",, IF( SUMIFS( Raw!E:E, Raw!L:L, id, Raw!F:F, "2v2" ) = 0, , SUMIFS( Raw!P:P, Raw!L:L, id, Raw!F:F, "2v2" ) / SUMIFS( Raw!E:E, Raw!L:L, id, Raw!F:F, "2v2" ) ) ) ) )} -> 1.9397922
A3: =IFERROR(__xludf.DUMMYFUNCTION("""COMPUTED_VALUE"""),"Kesny") -> Kesny | B3: 35 | C3: 11 | D3: 24 | E3: 0.31428571 | F3: =IFERROR(__xludf.DUMMYFUNCTION("""COMPUTED_VALUE"""),140.0) -> 140 | G3: 4 | H3: =IFERROR(__xludf.DUMMYFUNCTION("""COMPUTED_VALUE"""),34.0) -> 34 | I3: 0.97142857 | J3: =IFERROR(__xludf.DUMMYFUNCTION("""COMPUTED_VALUE"""),52909.0) -> 52909 | K3: 1511.6857 | L3: =IFERROR(__xludf.DUMMYFUNCTION("""COMPUTED_VALUE"""),4636.0) -> 4636 | M3: 132.45714 | N3: 1.8853651
A4: =IFERROR(__xludf.DUMMYFUNCTION("""COMPUTED_VALUE"""),"Malena") -> Malena | B4: 67 | C4: 39 | D4: 28 | E4: 0.58208955 | F4: =IFERROR(__xludf.DUMMYFUNCTION("""COMPUTED_VALUE"""),375.0) -> 375 | G4: 5.5970149 | H4: =IFERROR(__xludf.DUMMYFUNCTION("""COMPUTED_VALUE"""),20.0) -> 20 | I4: 0.29850746 | J4: =IFERROR(__xludf.DUMMYFUNCTION("""COMPUTED_VALUE"""),123485.0) -> 123485 | K4: 1843.0597 | L4: =IFERROR(__xludf.DUMMYFUNCTION("""COMPUTED_VALUE"""),9638.0) -> 9638 | M4: 143.85075 | N4: 2.4403668
A5: =IFERROR(__xludf.DUMMYFUNCTION("""COMPUTED_VALUE"""),"Nebus.") -> Nebus. | B5: 63 | C5: 39 | D5: 24 | E5: 0.61904762 | F5: =IFERROR(__xludf.DUMMYFUNCTION("""COMPUTED_VALUE"""),251.0) -> 251 | G5: 3.984127 | H5: =IFERROR(__xludf.DUMMYFUNCTION("""COMPUTED_VALUE"""),26.0) -> 26 | I5: 0.41269841 | J5: =IFERROR(__xludf.DUMMYFUNCTION("""COMPUTED_VALUE"""),138056.0) -> 138056 | K5: 2191.3651 | L5: =IFERROR(__xludf.DUMMYFUNCTION("""COMPUTED_VALUE"""),8528.0) -> 8528 | M5: 135.36508 | N5: 2.9098727
A6: =IFERROR(__xludf.DUMMYFUNCTION("""COMPUTED_VALUE"""),"Tess1509") -> Tess1509 | B6: 33 | C6: 6 | D6: 27 | E6: 0.18181818 | F6: =IFERROR(__xludf.DUMMYFUNCTION("""COMPUTED_VALUE"""),46.0) -> 46 | G6: 1.3939394 | H6: =IFERROR(__xludf.DUMMYFUNCTION("""COMPUTED_VALUE"""),7.0) -> 7 | I6: 0.21212121 | J6: =IFERROR(__xludf.DUMMYFUNCTION("""COMPUTED_VALUE"""),59288.0) -> 59288 | K6: 1796.6061 | L6: =IFERROR(__xludf.DUMMYFUNCTION("""COMPUTED_VALUE"""),2675.0) -> 2675 | M6: 81.060606 | N6: 2.5478298
A7: =IFERROR(__xludf.DUMMYFUNCTION("""COMPUTED_VALUE"""),"ZeroO") -> ZeroO | B7: 62 | C7: 36 | D7: 26 | E7: 0.58064516 | F7: =IFERROR(__xludf.DUMMYFUNCTION("""COMPUTED_VALUE"""),322.0) -> 322 | G7: 5.1935484 | H7: =IFERROR(__xludf.DUMMYFUNCTION("""COMPUTED_VALUE"""),27.0) -> 27 | I7: 0.43548387 | J7: =IFERROR(__xludf.DUMMYFUNCTION("""COMPUTED_VALUE"""),108680.0) -> 108680 | K7: 1752.9032 | L7: =IFERROR(__xludf.DUMMYFUNCTION("""COMPUTED_VALUE"""),8517.0) -> 8517 | M7: 137.37097 | N7: 2.3381094

Sheet Player_Stats_All_Time_3v3
A1: player_name | B1: games_played | C1: wins | D1: losses | E1: winrate | F1: total_goals | G1: avg_goals | H1: total_assists | I1: avg_assists | J1: total_damage | K1: avg_damage | L1: total_score | M1: avg_score | N1: avg_dps
A2: =IFERROR(__xludf.DUMMYFUNCTION("SORT( UNIQUE( FILTER( Raw!L2:L1000, Raw!L2:L1000<>"""", Raw!F2:F1000=""3v3"" ) ) ) "),"Aferdita") -> Aferdita | B2: {=IF(A2:A1000="", , COUNTIFS( Raw!L:L, A2:A1000, Raw!F:F, "3v3" ) )} -> 21 | C2: {=IF(A2:A1000="", , COUNTIFS( Raw!L:L, A2:A1000, Raw!I:I, "win", Raw!F:F, "3v3" ) )} -> 10 | D2: {=IF(A2:A1000="", , COUNTIFS( Raw!L:L, A2:A1000, Raw!I:I, "loss", Raw!F:F, "3v3" ) )} -> 11 | E2: {=IF(A2:A1000="", , IF(B2:B1000=0, , C2:C1000 / B2:B1000) )} -> 0.47619048 | F2: =IFERROR(__xludf.DUMMYFUNCTION("ARRAYFORMULA( MAP( A2:A1000, LAMBDA(id, IF(id="""",, SUM( FILTER( N(Raw!M:M), Raw!L:L = id, TRIM(SUBSTITUTE(Raw!F:F, CHAR(160), "" "")) = ""3v3"" ) ) ) ) ) ) "),39.0) -> 39 | G2: {=IF(A2:A1000="", , IF(B2:B1000=0, , F2:F1000 / B2:B1000) )} -> 1.8571429 | H2: =IFERROR(__xludf.DUMMYFUNCTION("ARRAYFORMULA( MAP( A2:A1000, LAMBDA(id, IF(id="""",, SUM( FILTER( N(Raw!O:O), Raw!L:L = id, TRIM(SUBSTITUTE(Raw!F:F, CHAR(160), "" "")) = ""3v3"" ) ) ) ) ) ) "),7.0) -> 7 | I2: {=IF(A2:A1000="", , IF(B2:B1000=0, , H2:H1000 / B2:B1000) )} -> 0.33333333 | J2: =IFERROR(__xludf.DUMMYFUNCTION("ARRAYFORMULA( MAP( A2:A1000, LAMBDA(id, IF(id="""",, SUM( FILTER( N(Raw!P:P), Raw!L:L = id, TRIM(SUBSTITUTE(Raw!F:F, CHAR(160), "" "")) = ""3v3"" ) ) ) ) ) ) "),33684.0) -> 33684 | K2: {=IF(A2:A1000="", , IF(B2:B1000=0, , J2:J1000 / B2:B1000) )} -> 1604 | L2: =IFERROR(__xludf.DUMMYFUNCTION("ARRAYFORMULA( MAP( A2:A1000, LAMBDA(id, IF(id="""",, SUM( FILTER( N(Raw!Q:Q), Raw!L:L = id, TRIM(SUBSTITUTE(Raw!F:F, CHAR(160), "" "")) = ""3v3"" ) ) ) ) ) ) "),2028.0) -> 2028 | M2: {=IF(A2:A1000="", , IF(B2:B1000=0, , L2:L1000 / B2:B1000) )} -> 96.571429 | N2: {=MAP( A2:A1000, LAMBDA(id, IF(id="",, IF( SUMIFS( Raw!E:E, Raw!L:L, id, Raw!F:F, "3v3" ) = 0, , SUMIFS( Raw!P:P, Raw!L:L, id, Raw!F:F, "3v3" ) / SUMIFS( Raw!E:E, Raw!L:L, id, Raw!F:F, "3v3" ) ) ) ) )} -> 1.5479779
A3: =IFERROR(__xludf.DUMMYFUNCTION("""COMPUTED_VALUE"""),"Anbuu") -> Anbuu | B3: 12 | C3: 8 | D3: 4 | E3: 0.66666667 | F3: =IFERROR(__xludf.DUMMYFUNCTION("""COMPUTED_VALUE"""),6.0) -> 6 | G3: 0.5 | H3: =IFERROR(__xludf.DUMMYFUNCTION("""COMPUTED_VALUE"""),4.0) -> 4 | I3: 0.33333333 | J3: =IFERROR(__xludf.DUMMYFUNCTION("""COMPUTED_VALUE"""),43928.0) -> 43928 | K3: 3660.6667 | L3: =IFERROR(__xludf.DUMMYFUNCTION("""COMPUTED_VALUE"""),1634.0) -> 1634 | M3: 136.16667 | N3: 3.4711972
A4: =IFERROR(__xludf.DUMMYFUNCTION("""COMPUTED_VALUE"""),"Kesny") -> Kesny | B4: 30 | C4: 12 | D4: 18 | E4: 0.4 | F4: =IFERROR(__xludf.DUMMYFUNCTION("""COMPUTED_VALUE"""),84.0) -> 84 | G4: 2.8 | H4: =IFERROR(__xludf.DUMMYFUNCTION("""COMPUTED_VALUE"""),30.0) -> 30 | I4: 1 | J4: =IFERROR(__xludf.DUMMYFUNCTION("""COMPUTED_VALUE"""),64489.0) -> 64489 | K4: 2149.6333 | L4: =IFERROR(__xludf.DUMMYFUNCTION("""COMPUTED_VALUE"""),4435.0) -> 4435 | M4: 147.83333 | N4: 2.086415
A5: =IFERROR(__xludf.DUMMYFUNCTION("""COMPUTED_VALUE"""),"Malena") -> Malena | B5: 30 | C5: 13 | D5: 17 | E5: 0.43333333 | F5: =IFERROR(__xludf.DUMMYFUNCTION("""COMPUTED_VALUE"""),140.0) -> 140 | G5: 4.6666667 | H5: =IFERROR(__xludf.DUMMYFUNCTION("""COMPUTED_VALUE"""),13.0) -> 13 | I5: 0.43333333 | J5: =IFERROR(__xludf.DUMMYFUNCTION("""COMPUTED_VALUE"""),88068.0) -> 88068 | K5: 2935.6 | L5: =IFERROR(__xludf.DUMMYFUNCTION("""COMPUTED_VALUE"""),5428.0) -> 5428 | M5: 180.93333 | N5: 2.8492672
A6: =IFERROR(__xludf.DUMMYFUNCTION("""COMPUTED_VALUE"""),"Nebus.") -> Nebus. | B6: 30 | C6: 22 | D6: 8 | E6: 0.73333333 | F6: =IFERROR(__xludf.DUMMYFUNCTION("""COMPUTED_VALUE"""),77.0) -> 77 | G6: 2.5666667 | H6: =IFERROR(__xludf.DUMMYFUNCTION("""COMPUTED_VALUE"""),11.0) -> 11 | I6: 0.36666667 | J6: =IFERROR(__xludf.DUMMYFUNCTION("""COMPUTED_VALUE"""),95631.0) -> 95631 | K6: 3187.7 | L6: =IFERROR(__xludf.DUMMYFUNCTION("""COMPUTED_VALUE"""),4741.0) -> 4741 | M6: 158.03333 | N6: 3.0939532
A7: =IFERROR(__xludf.DUMMYFUNCTION("""COMPUTED_VALUE"""),"Tess1509") -> Tess1509 | B7: 22 | C7: 6 | D7: 16 | E7: 0.27272727 | F7: =IFERROR(__xludf.DUMMYFUNCTION("""COMPUTED_VALUE"""),13.0) -> 13 | G7: 0.59090909 | H7: =IFERROR(__xludf.DUMMYFUNCTION("""COMPUTED_VALUE"""),15.0) -> 15 | I7: 0.68181818 | J7: =IFERROR(__xludf.DUMMYFUNCTION("""COMPUTED_VALUE"""),56065.0) -> 56065 | K7: 2548.4091 | L7: =IFERROR(__xludf.DUMMYFUNCTION("""COMPUTED_VALUE"""),2370.0) -> 2370 | M7: 107.72727 | N7: 2.4464371
A8: =IFERROR(__xludf.DUMMYFUNCTION("""COMPUTED_VALUE"""),"Troniix") -> Troniix | B8: 5 | C8: 0 | D8: 5 | E8: 0 | F8: =IFERROR(__xludf.DUMMYFUNCTION("""COMPUTED_VALUE"""),0.0) -> 0 | G8: 0 | H8: =IFERROR(__xludf.DUMMYFUNCTION("""COMPUTED_VALUE"""),2.0) -> 2 | I8: 0.4 | J8: =IFERROR(__xludf.DUMMYFUNCTION("""COMPUTED_VALUE"""),9856.0) -> 9856 | K8: 1971.2 | L8: =IFERROR(__xludf.DUMMYFUNCTION("""COMPUTED_VALUE"""),339.0) -> 339 | M8: 67.8 | N8: 2.1970575
A9: =IFERROR(__xludf.DUMMYFUNCTION("""COMPUTED_VALUE"""),"ZeroO") -> ZeroO | B9: 30 | C9: 19 | D9: 11 | E9: 0.63333333 | F9: =IFERROR(__xludf.DUMMYFUNCTION("""COMPUTED_VALUE"""),129.0) -> 129 | G9: 4.3 | H9: =IFERROR(__xludf.DUMMYFUNCTION("""COMPUTED_VALUE"""),19.0) -> 19 | I9: 0.63333333 | J9: =IFERROR(__xludf.DUMMYFUNCTION("""COMPUTED_VALUE"""),91065.0) -> 91065 | K9: 3035.5 | L9: =IFERROR(__xludf.DUMMYFUNCTION("""COMPUTED_VALUE"""),5275.0) -> 5275 | M9: 175.83333 | N9: 2.9462293

Sheet Player_Stats_S1_2v2
A1: player_name | B1: games_played | C1: wins | D1: losses | E1: winrate | F1: total_goals | G1: avg_goals | H1: total_assists | I1: avg_assists | J1: total_damage | K1: avg_damage | L1: total_score | M1: avg_score | N1: avg_dps
A2: =IFERROR(__xludf.DUMMYFUNCTION("SORT( UNIQUE( FILTER( Raw!L2:L1000, Raw!L2:L1000<>"""", Raw!C2:C1000=""Season 1"", Raw!F2:F1000=""2v2"" ) ) ) "),"Aferdita") -> Aferdita | B2: {=IF(A2:A1000="", , COUNTIFS( Raw!L:L, A2:A1000, Raw!C:C, "Season 1", Raw!F:F, "2v2" ) )} -> 3 | C2: {=IF(A2:A1000="", , COUNTIFS( Raw!L:L, A2:A1000, Raw!I:I, "win", Raw!C:C, "Season 1", Raw!F:F, "2v2" ) )} -> 1 | D2: {=IF(A2:A1000="", , COUNTIFS( Raw!L:L, A2:A1000, Raw!I:I, "loss", Raw!C:C, "Season 1", Raw!F:F, "2v2" ) )} -> 2 | E2: {=IF(A2:A1000="", , IF(B2:B1000=0, , C2:C1000 / B2:B1000) )} -> 0.33333333 | F2: =IFERROR(__xludf.DUMMYFUNCTION("ARRAYFORMULA( MAP( A2:A1000, LAMBDA(id, IF(id="""",, SUM( FILTER( N(Raw!M:M), Raw!L:L=id, TRIM(SUBSTITUTE(Raw!C:C,CHAR(160),"" ""))=""Season 1"", TRIM(SUBSTITUTE(Raw!F:F,CHAR(160),"" ""))=""2v2"" ) ) ) ) ) )"),6.0) -> 6 | G2: {=IF(A2:A1000="", , IF(B2:B1000=0, , F2:F1000 / B2:B1000) )} -> 2 | H2: =IFERROR(__xludf.DUMMYFUNCTION("ARRAYFORMULA( MAP( A2:A1000, LAMBDA(id, IF(id="""",, SUM( FILTER( N(Raw!O:O), Raw!L:L=id, TRIM(SUBSTITUTE(Raw!C:C,CHAR(160),"" ""))=""Season 1"", TRIM(SUBSTITUTE(Raw!F:F,CHAR(160),"" ""))=""2v2"" ) ) ) ) ) )"),1.0) -> 1 | I2: {=IF(A2:A1000="", , IF(B2:B1000=0, , H2:H1000 / B2:B1000) )} -> 0.33333333 | J2: =IFERROR(__xludf.DUMMYFUNCTION("ARRAYFORMULA( MAP( A2:A1000, LAMBDA(id, IF(id="""",, SUM( FILTER( N(Raw!P:P), Raw!L:L=id, TRIM(SUBSTITUTE(Raw!C:C,CHAR(160),"" ""))=""Season 1"", TRIM(SUBSTITUTE(Raw!F:F,CHAR(160),"" ""))=""2v2"" ) ) ) ) ) )"),4796.0) -> 4796 | K2: {=IF(A2:A1000="", , IF(B2:B1000=0, , J2:J1000 / B2:B1000) )} -> 1598.6667 | L2: =IFERROR(__xludf.DUMMYFUNCTION("ARRAYFORMULA( MAP( A2:A1000, LAMBDA(id, IF(id="""",, SUM( FILTER( N(Raw!Q:Q), Raw!L:L=id, TRIM(SUBSTITUTE(Raw!C:C,CHAR(160),"" ""))=""Season 1"", TRIM(SUBSTITUTE(Raw!F:F,CHAR(160),"" ""))=""2v2"" ) ) ) ) ) )"),265.0) -> 265 | M2: {=IF(A2:A1000="", , IF(B2:B1000=0, , L2:L1000 / B2:B1000) )} -> 88.333333 | N2: {=MAP( A2:A1000, LAMBDA(id, IF(id="",, IF( SUMIFS( Raw!E:E, Raw!L:L, id, Raw!C:C, "Season 1", Raw!F:F, "2v2" ) = 0, , SUMIFS( Raw!P:P, Raw!L:L, id, Raw!C:C, "Season 1", Raw!F:F, "2v2" ) / SUMIFS( Raw!E:E, Raw!L:L, id, Raw!C:C, "Season 1", Raw!F:F, "2v2" ) ) ) ) )} -> 1.977732
A3: =IFERROR(__xludf.DUMMYFUNCTION("""COMPUTED_VALUE"""),"Kesny") -> Kesny | B3: 29 | C3: 9 | D3: 20 | E3: 0.31034483 | F3: =IFERROR(__xludf.DUMMYFUNCTION("""COMPUTED_VALUE"""),114.0) -> 114 | G3: 3.9310345 | H3: =IFERROR(__xludf.DUMMYFUNCTION("""COMPUTED_VALUE"""),29.0) -> 29 | I3: 1 | J3: =IFERROR(__xludf.DUMMYFUNCTION("""COMPUTED_VALUE"""),42717.0) -> 42717 | K3: 1473 | L3: =IFERROR(__xludf.DUMMYFUNCTION("""COMPUTED_VALUE"""),3768.0) -> 3768 | M3: 129.93103 | N3: 1.8402981
A4: =IFERROR(__xludf.DUMMYFUNCTION("""COMPUTED_VALUE"""),"Malena") -> Malena | B4: 61 | C4: 36 | D4: 25 | E4: 0.59016393 | F4: =IFERROR(__xludf.DUMMYFUNCTION("""COMPUTED_VALUE"""),339.0) -> 339 | G4: 5.557377 | H4: =IFERROR(__xludf.DUMMYFUNCTION("""COMPUTED_VALUE"""),19.0) -> 19 | I4: 0.31147541 | J4: =IFERROR(__xludf.DUMMYFUNCTION("""COMPUTED_VALUE"""),108436.0) -> 108436 | K4: 1777.6393 | L4: =IFERROR(__xludf.DUMMYFUNCTION("""COMPUTED_VALUE"""),8617.0) -> 8617 | M4: 141.2623 | N4: 2.3701858
A5: =IFERROR(__xludf.DUMMYFUNCTION("""COMPUTED_VALUE"""),"Nebus.") -> Nebus. | B5: 58 | C5: 35 | D5: 23 | E5: 0.60344828 | F5: =IFERROR(__xludf.DUMMYFUNCTION("""COMPUTED_VALUE"""),222.0) -> 222 | G5: 3.8275862 | H5: =IFERROR(__xludf.DUMMYFUNCTION("""COMPUTED_VALUE"""),25.0) -> 25 | I5: 0.43103448 | J5: =IFERROR(__xludf.DUMMYFUNCTION("""COMPUTED_VALUE"""),124145.0) -> 124145 | K5: 2140.431 | L5: =IFERROR(__xludf.DUMMYFUNCTION("""COMPUTED_VALUE"""),7635.0) -> 7635 | M5: 131.63793 | N5: 2.8654357
A6: =IFERROR(__xludf.DUMMYFUNCTION("""COMPUTED_VALUE"""),"Tess1509") -> Tess1509 | B6: 32 | C6: 6 | D6: 26 | E6: 0.1875 | F6: =IFERROR(__xludf.DUMMYFUNCTION("""COMPUTED_VALUE"""),44.0) -> 44 | G6: 1.375 | H6: =IFERROR(__xludf.DUMMYFUNCTION("""COMPUTED_VALUE"""),7.0) -> 7 | I6: 0.21875 | J6: =IFERROR(__xludf.DUMMYFUNCTION("""COMPUTED_VALUE"""),57045.0) -> 57045 | K6: 1782.6562 | L6: =IFERROR(__xludf.DUMMYFUNCTION("""COMPUTED_VALUE"""),2575.0) -> 2575 | M6: 80.46875 | N6: 2.5310587
A7: =IFERROR(__xludf.DUMMYFUNCTION("""COMPUTED_VALUE"""),"ZeroO") -> ZeroO | B7: 61 | C7: 35 | D7: 26 | E7: 0.57377049 | F7: =IFERROR(__xludf.DUMMYFUNCTION("""COMPUTED_VALUE"""),317.0) -> 317 | G7: 5.1967213 | H7: =IFERROR(__xludf.DUMMYFUNCTION("""COMPUTED_VALUE"""),24.0) -> 24 | I7: 0.39344262 | J7: =IFERROR(__xludf.DUMMYFUNCTION("""COMPUTED_VALUE"""),107389.0) -> 107389 | K7: 1760.4754 | L7: =IFERROR(__xludf.DUMMYFUNCTION("""COMPUTED_VALUE"""),8385.0) -> 8385 | M7: 137.45902 | N7: 2.3473005

Sheet Player_Stats_S2_2v2
A1: player_name | B1: games_played | C1: wins | D1: losses | E1: winrate | F1: total_goals | G1: avg_goals | H1: total_assists | I1: avg_assists | J1: total_damage | K1: avg_damage | L1: total_score | M1: avg_score | N1: avg_dps
A2: =IFERROR(__xludf.DUMMYFUNCTION("SORT( UNIQUE( FILTER( Raw!L2:L1000, Raw!L2:L1000<>"""", Raw!C2:C1000=""Season 1"", Raw!F2:F1000=""2v2"" ) ) ) "),"Aferdita") -> Aferdita | B2: {=IF(A2:A1000="", , COUNTIFS( Raw!L:L, A2:A1000, Raw!C:C, "Season 2", Raw!F:F, "2v2" ) )} -> 5 | C2: {=IF(A2:A1000="", , COUNTIFS( Raw!L:L, A2:A1000, Raw!I:I, "win", Raw!C:C, "Season 2", Raw!F:F, "2v2" ) )} -> 2 | D2: {=IF(A2:A1000="", , COUNTIFS( Raw!L:L, A2:A1000, Raw!I:I, "loss", Raw!C:C, "Season 2", Raw!F:F, "2v2" ) )} -> 3 | E2: {=IF(A2:A1000="", , IF(B2:B1000=0, , C2:C1000 / B2:B1000) )} -> 0.4 | F2: =IFERROR(__xludf.DUMMYFUNCTION("ARRAYFORMULA( MAP( A2:A1000, LAMBDA(id, IF(id="""",, SUM( FILTER( N(Raw!M:M), Raw!L:L=id, TRIM(SUBSTITUTE(Raw!C:C,CHAR(160),"" ""))=""Season 2"", TRIM(SUBSTITUTE(Raw!F:F,CHAR(160),"" ""))=""2v2"" ) ) ) ) ) )"),9.0) -> 9 | G2: {=IF(A2:A1000="", , IF(B2:B1000=0, , F2:F1000 / B2:B1000) )} -> 1.8 | H2: =IFERROR(__xludf.DUMMYFUNCTION("ARRAYFORMULA( MAP( A2:A1000, LAMBDA(id, IF(id="""",, SUM( FILTER( N(Raw!O:O), Raw!L:L=id, TRIM(SUBSTITUTE(Raw!C:C,CHAR(160),"" ""))=""Season 2"", TRIM(SUBSTITUTE(Raw!F:F,CHAR(160),"" ""))=""2v2"" ) ) ) ) ) )"),2.0) -> 2 | I2: {=IF(A2:A1000="", , IF(B2:B1000=0, , H2:H1000 / B2:B1000) )} -> 0.4 | J2: =IFERROR(__xludf.DUMMYFUNCTION("ARRAYFORMULA( MAP( A2:A1000, LAMBDA(id, IF(id="""",, SUM( FILTER( N(Raw!P:P), Raw!L:L=id, TRIM(SUBSTITUTE(Raw!C:C,CHAR(160),"" ""))=""Season 2"", TRIM(SUBSTITUTE(Raw!F:F,CHAR(160),"" ""))=""2v2"" ) ) ) ) ) )"),7898.0) -> 7898 | K2: {=IF(A2:A1000="", , IF(B2:B1000=0, , J2:J1000 / B2:B1000) )} -> 1579.6 | L2: =IFERROR(__xludf.DUMMYFUNCTION("ARRAYFORMULA( MAP( A2:A1000, LAMBDA(id, IF(id="""",, SUM( FILTER( N(Raw!Q:Q), Raw!L:L=id, TRIM(SUBSTITUTE(Raw!C:C,CHAR(160),"" ""))=""Season 2"", TRIM(SUBSTITUTE(Raw!F:F,CHAR(160),"" ""))=""2v2"" ) ) ) ) ) )"),462.0) -> 462 | M2: {=IF(A2:A1000="", , IF(B2:B1000=0, , L2:L1000 / B2:B1000) )} -> 92.4 | N2: {=MAP( A2:A1000, LAMBDA(id, IF(id="",, IF( SUMIFS( Raw!E:E, Raw!L:L, id, Raw!C:C, "Season 2", Raw!F:F, "2v2" ) = 0, , SUMIFS( Raw!P:P, Raw!L:L, id, Raw!C:C, "Season 2", Raw!F:F, "2v2" ) / SUMIFS( Raw!E:E, Raw!L:L, id, Raw!C:C, "Season 2", Raw!F:F, "2v2" ) ) ) ) )} -> 1.9174557
A3: =IFERROR(__xludf.DUMMYFUNCTION("""COMPUTED_VALUE"""),"Kesny") -> Kesny | B3: 6 | C3: 2 | D3: 4 | E3: 0.33333333 | F3: =IFERROR(__xludf.DUMMYFUNCTION("""COMPUTED_VALUE"""),26.0) -> 26 | G3: 4.3333333 | H3: =IFERROR(__xludf.DUMMYFUNCTION("""COMPUTED_VALUE"""),5.0) -> 5 | I3: 0.83333333 | J3: =IFERROR(__xludf.DUMMYFUNCTION("""COMPUTED_VALUE"""),10192.0) -> 10192 | K3: 1698.6667 | L3: =IFERROR(__xludf.DUMMYFUNCTION("""COMPUTED_VALUE"""),868.0) -> 868 | M3: 144.66667 | N3: 2.1010101
A4: =IFERROR(__xludf.DUMMYFUNCTION("""COMPUTED_VALUE"""),"Malena") -> Malena | B4: 6 | C4: 3 | D4: 3 | E4: 0.5 | F4: =IFERROR(__xludf.DUMMYFUNCTION("""COMPUTED_VALUE"""),36.0) -> 36 | G4: 6 | H4: =IFERROR(__xludf.DUMMYFUNCTION("""COMPUTED_VALUE"""),1.0) -> 1 | I4: 0.16666667 | J4: =IFERROR(__xludf.DUMMYFUNCTION("""COMPUTED_VALUE"""),15049.0) -> 15049 | K4: 2508.1667 | L4: =IFERROR(__xludf.DUMMYFUNCTION("""COMPUTED_VALUE"""),1021.0) -> 1021 | M4: 170.16667 | N4: 3.102247
A5: =IFERROR(__xludf.DUMMYFUNCTION("""COMPUTED_VALUE"""),"Nebus.") -> Nebus. | B5: 5 | C5: 4 | D5: 1 | E5: 0.8 | F5: =IFERROR(__xludf.DUMMYFUNCTION("""COMPUTED_VALUE"""),29.0) -> 29 | G5: 5.8 | H5: =IFERROR(__xludf.DUMMYFUNCTION("""COMPUTED_VALUE"""),1.0) -> 1 | I5: 0.2 | J5: =IFERROR(__xludf.DUMMYFUNCTION("""COMPUTED_VALUE"""),13911.0) -> 13911 | K5: 2782.2 | L5: =IFERROR(__xludf.DUMMYFUNCTION("""COMPUTED_VALUE"""),893.0) -> 893 | M5: 178.6 | N5: 3.377276
A6: =IFERROR(__xludf.DUMMYFUNCTION("""COMPUTED_VALUE"""),"Tess1509") -> Tess1509 | B6: 1 | C6: 0 | D6: 1 | E6: 0 | F6: =IFERROR(__xludf.DUMMYFUNCTION("""COMPUTED_VALUE"""),2.0) -> 2 | G6: 2 | H6: =IFERROR(__xludf.DUMMYFUNCTION("""COMPUTED_VALUE"""),0.0) -> 0 | I6: 0 | J6: =IFERROR(__xludf.DUMMYFUNCTION("""COMPUTED_VALUE"""),2243.0) -> 2243 | K6: 2243 | L6: =IFERROR(__xludf.DUMMYFUNCTION("""COMPUTED_VALUE"""),100.0) -> 100 | M6: 100 | N6: 3.0642077
A7: =IFERROR(__xludf.DUMMYFUNCTION("""COMPUTED_VALUE"""),"ZeroO") -> ZeroO | B7: 1 | C7: 1 | D7: 0 | E7: 1 | F7: =IFERROR(__xludf.DUMMYFUNCTION("""COMPUTED_VALUE"""),5.0) -> 5 | G7: 5 | H7: =IFERROR(__xludf.DUMMYFUNCTION("""COMPUTED_VALUE"""),3.0) -> 3 | I7: 3 | J7: =IFERROR(__xludf.DUMMYFUNCTION("""COMPUTED_VALUE"""),1291.0) -> 1291 | K7: 1291 | L7: =IFERROR(__xludf.DUMMYFUNCTION("""COMPUTED_VALUE"""),132.0) -> 132 | M7: 132 | N7: 1.7636612

Sheet Player_Stats_S1_3v3
A1: player_name | B1: games_played | C1: wins | D1: losses | E1: winrate | F1: total_goals | G1: avg_goals | H1: total_assists | I1: avg_assists | J1: total_damage | K1: avg_damage | L1: total_score | M1: avg_score | N1: avg_dps
A2: =IFERROR(__xludf.DUMMYFUNCTION("SORT( UNIQUE( FILTER( Raw!L2:L1000, Raw!L2:L1000<>"""", Raw!C2:C1000=""Season 1"", Raw!F2:F1000=""3v3"" ) ) ) "),"Aferdita") -> Aferdita | B2: {=IF(A2:A1000="", , COUNTIFS( Raw!L:L, A2:A1000, Raw!C:C, "Season 1", Raw!F:F, "3v3" ) )} -> 21 | C2: {=IF(A2:A1000="", , COUNTIFS( Raw!L:L, A2:A1000, Raw!I:I, "win", Raw!C:C, "Season 1", Raw!F:F, "3v3" ) )} -> 10 | D2: {=IF(A2:A1000="", , COUNTIFS( Raw!L:L, A2:A1000, Raw!I:I, "loss", Raw!C:C, "Season 1", Raw!F:F, "3v3" ) )} -> 11 | E2: {=IF(A2:A1000="", , IF(B2:B1000=0, , C2:C1000 / B2:B1000) )} -> 0.47619048 | F2: =IFERROR(__xludf.DUMMYFUNCTION("ARRAYFORMULA( MAP( A2:A1000, LAMBDA(id, IF(id="""",, SUM( FILTER( N(Raw!M:M), Raw!L:L=id, TRIM(SUBSTITUTE(Raw!C:C,CHAR(160),"" ""))=""Season 1"", TRIM(SUBSTITUTE(Raw!F:F,CHAR(160),"" ""))=""3v3"&""" ) ) ) ) ) ) "),39.0) -> 39 | G2: {=IF(A2:A1000="", , IF(B2:B1000=0, , F2:F1000 / B2:B1000) )} -> 1.8571429 | H2: =IFERROR(__xludf.DUMMYFUNCTION("ARRAYFORMULA( MAP( A2:A1000, LAMBDA(id, IF(id="""",, SUM( FILTER( N(Raw!O:O), Raw!L:L=id, TRIM(SUBSTITUTE(Raw!C:C,CHAR(160),"" ""))=""Season 1"", TRIM(SUBSTITUTE(Raw!F:F,CHAR(160),"" ""))=""3v3"&""" ) ) ) ) ) ) "),7.0) -> 7 | I2: {=IF(A2:A1000="", , IF(B2:B1000=0, , H2:H1000 / B2:B1000) )} -> 0.33333333 | J2: =IFERROR(__xludf.DUMMYFUNCTION("ARRAYFORMULA( MAP( A2:A1000, LAMBDA(id, IF(id="""",, SUM( FILTER( N(Raw!P:P), Raw!L:L=id, TRIM(SUBSTITUTE(Raw!C:C,CHAR(160),"" ""))=""Season 1"", TRIM(SUBSTITUTE(Raw!F:F,CHAR(160),"" ""))=""3v3"&""" ) ) ) ) ) ) "),33684.0) -> 33684 | K2: {=IF(A2:A1000="", , IF(B2:B1000=0, , J2:J1000 / B2:B1000) )} -> 1604 | L2: =IFERROR(__xludf.DUMMYFUNCTION("ARRAYFORMULA( MAP( A2:A1000, LAMBDA(id, IF(id="""",, SUM( FILTER( N(Raw!Q:Q), Raw!L:L=id, TRIM(SUBSTITUTE(Raw!C:C,CHAR(160),"" ""))=""Season 1"", TRIM(SUBSTITUTE(Raw!F:F,CHAR(160),"" ""))=""3v3"&""" ) ) ) ) ) ) "),2028.0) -> 2028 | M2: {=IF(A2:A1000="", , IF(B2:B1000=0, , L2:L1000 / B2:B1000) )} -> 96.571429 | N2: {=MAP( A2:A1000, LAMBDA(id, IF(id="",, IF( SUMIFS( Raw!E:E, Raw!L:L, id, Raw!C:C, "Season 1", Raw!F:F, "3v3" ) = 0, , SUMIFS( Raw!P:P, Raw!L:L, id, Raw!C:C, "Season 1", Raw!F:F, "3v3" ) / SUMIFS( Raw!E:E, Raw!L:L, id, Raw!C:C, "Season 1", Raw!F:F, "3v3" ) ) ) ) )} -> 1.5479779
A3: =IFERROR(__xludf.DUMMYFUNCTION("""COMPUTED_VALUE"""),"Anbuu") -> Anbuu | B3: 12 | C3: 8 | D3: 4 | E3: 0.66666667 | F3: =IFERROR(__xludf.DUMMYFUNCTION("""COMPUTED_VALUE"""),6.0) -> 6 | G3: 0.5 | H3: =IFERROR(__xludf.DUMMYFUNCTION("""COMPUTED_VALUE"""),4.0) -> 4 | I3: 0.33333333 | J3: =IFERROR(__xludf.DUMMYFUNCTION("""COMPUTED_VALUE"""),43928.0) -> 43928 | K3: 3660.6667 | L3: =IFERROR(__xludf.DUMMYFUNCTION("""COMPUTED_VALUE"""),1634.0) -> 1634 | M3: 136.16667 | N3: 3.4711972
A4: =IFERROR(__xludf.DUMMYFUNCTION("""COMPUTED_VALUE"""),"Kesny") -> Kesny | B4: 30 | C4: 12 | D4: 18 | E4: 0.4 | F4: =IFERROR(__xludf.DUMMYFUNCTION("""COMPUTED_VALUE"""),84.0) -> 84 | G4: 2.8 | H4: =IFERROR(__xludf.DUMMYFUNCTION("""COMPUTED_VALUE"""),30.0) -> 30 | I4: 1 | J4: =IFERROR(__xludf.DUMMYFUNCTION("""COMPUTED_VALUE"""),64489.0) -> 64489 | K4: 2149.6333 | L4: =IFERROR(__xludf.DUMMYFUNCTION("""COMPUTED_VALUE"""),4435.0) -> 4435 | M4: 147.83333 | N4: 2.086415
A5: =IFERROR(__xludf.DUMMYFUNCTION("""COMPUTED_VALUE"""),"Malena") -> Malena | B5: 30 | C5: 13 | D5: 17 | E5: 0.43333333 | F5: =IFERROR(__xludf.DUMMYFUNCTION("""COMPUTED_VALUE"""),140.0) -> 140 | G5: 4.6666667 | H5: =IFERROR(__xludf.DUMMYFUNCTION("""COMPUTED_VALUE"""),13.0) -> 13 | I5: 0.43333333 | J5: =IFERROR(__xludf.DUMMYFUNCTION("""COMPUTED_VALUE"""),88068.0) -> 88068 | K5: 2935.6 | L5: =IFERROR(__xludf.DUMMYFUNCTION("""COMPUTED_VALUE"""),5428.0) -> 5428 | M5: 180.93333 | N5: 2.8492672
A6: =IFERROR(__xludf.DUMMYFUNCTION("""COMPUTED_VALUE"""),"Nebus.") -> Nebus. | B6: 30 | C6: 22 | D6: 8 | E6: 0.73333333 | F6: =IFERROR(__xludf.DUMMYFUNCTION("""COMPUTED_VALUE"""),77.0) -> 77 | G6: 2.5666667 | H6: =IFERROR(__xludf.DUMMYFUNCTION("""COMPUTED_VALUE"""),11.0) -> 11 | I6: 0.36666667 | J6: =IFERROR(__xludf.DUMMYFUNCTION("""COMPUTED_VALUE"""),95631.0) -> 95631 | K6: 3187.7 | L6: =IFERROR(__xludf.DUMMYFUNCTION("""COMPUTED_VALUE"""),4741.0) -> 4741 | M6: 158.03333 | N6: 3.0939532
A7: =IFERROR(__xludf.DUMMYFUNCTION("""COMPUTED_VALUE"""),"Tess1509") -> Tess1509 | B7: 22 | C7: 6 | D7: 16 | E7: 0.27272727 | F7: =IFERROR(__xludf.DUMMYFUNCTION("""COMPUTED_VALUE"""),13.0) -> 13 | G7: 0.59090909 | H7: =IFERROR(__xludf.DUMMYFUNCTION("""COMPUTED_VALUE"""),15.0) -> 15 | I7: 0.68181818 | J7: =IFERROR(__xludf.DUMMYFUNCTION("""COMPUTED_VALUE"""),56065.0) -> 56065 | K7: 2548.4091 | L7: =IFERROR(__xludf.DUMMYFUNCTION("""COMPUTED_VALUE"""),2370.0) -> 2370 | M7: 107.72727 | N7: 2.4464371
A8: =IFERROR(__xludf.DUMMYFUNCTION("""COMPUTED_VALUE"""),"Troniix") -> Troniix | B8: 5 | C8: 0 | D8: 5 | E8: 0 | F8: =IFERROR(__xludf.DUMMYFUNCTION("""COMPUTED_VALUE"""),0.0) -> 0 | G8: 0 | H8: =IFERROR(__xludf.DUMMYFUNCTION("""COMPUTED_VALUE"""),2.0) -> 2 | I8: 0.4 | J8: =IFERROR(__xludf.DUMMYFUNCTION("""COMPUTED_VALUE"""),9856.0) -> 9856 | K8: 1971.2 | L8: =IFERROR(__xludf.DUMMYFUNCTION("""COMPUTED_VALUE"""),339.0) -> 339 | M8: 67.8 | N8: 2.1970575
A9: =IFERROR(__xludf.DUMMYFUNCTION("""COMPUTED_VALUE"""),"ZeroO") -> ZeroO | B9: 30 | C9: 19 | D9: 11 | E9: 0.63333333 | F9: =IFERROR(__xludf.DUMMYFUNCTION("""COMPUTED_VALUE"""),129.0) -> 129 | G9: 4.3 | H9: =IFERROR(__xludf.DUMMYFUNCTION("""COMPUTED_VALUE"""),19.0) -> 19 | I9: 0.63333333 | J9: =IFERROR(__xludf.DUMMYFUNCTION("""COMPUTED_VALUE"""),91065.0) -> 91065 | K9: 3035.5 | L9: =IFERROR(__xludf.DUMMYFUNCTION("""COMPUTED_VALUE"""),5275.0) -> 5275 | M9: 175.83333 | N9: 2.9462293

Sheet Player_Stats_S2_3v3
A1: player_name | B1: games_played | C1: wins | D1: losses | E1: winrate | F1: total_goals | G1: avg_goals | H1: total_assists | I1: avg_assists | J1: total_damage | K1: avg_damage | L1: total_score | M1: avg_score | N1: avg_dps
A2: =IFERROR(__xludf.DUMMYFUNCTION("SORT( UNIQUE( FILTER( Raw!L2:L1000, Raw!L2:L1000<>"""", Raw!C2:C1000=""Season 1"", Raw!F2:F1000=""3v3"" ) ) ) "),"Aferdita") -> Aferdita | B2: {=IF(A2:A1000="", , COUNTIFS( Raw!L:L, A2:A1000, Raw!C:C, "Season 2", Raw!F:F, "3v3" ) )} -> 0 | C2: {=IF(A2:A1000="", , COUNTIFS( Raw!L:L, A2:A1000, Raw!I:I, "win", Raw!C:C, "Season 2", Raw!F:F, "3v3" ) )} -> 0 | D2: {=IF(A2:A1000="", , COUNTIFS( Raw!L:L, A2:A1000, Raw!I:I, "loss", Raw!C:C, "Season 2", Raw!F:F, "3v3" ) )} -> 0 | E2: {=IF(A2:A1000="", , IF(B2:B1000=0, , C2:C1000 / B2:B1000) )} | F2: =IFERROR(__xludf.DUMMYFUNCTION("ARRAYFORMULA( MAP( A2:A1000, LAMBDA(id, IF(id="""",, SUM( FILTER( N(Raw!M:M), Raw!L:L=id, TRIM(SUBSTITUTE(Raw!C:C,CHAR(160),"" ""))=""Season 2"", TRIM(SUBSTITUTE(Raw!F:F,CHAR(160),"" ""))=""3v3"&""" ) ) ) ) ) ) "),"#N/A") -> #N/A | G2: {=IF(A2:A1000="", , IF(B2:B1000=0, , F2:F1000 / B2:B1000) )} | H2: =IFERROR(__xludf.DUMMYFUNCTION("ARRAYFORMULA( MAP( A2:A1000, LAMBDA(id, IF(id="""",, SUM( FILTER( N(Raw!O:O), Raw!L:L=id, TRIM(SUBSTITUTE(Raw!C:C,CHAR(160),"" ""))=""Season 2"", TRIM(SUBSTITUTE(Raw!F:F,CHAR(160),"" ""))=""3v3"&""" ) ) ) ) ) ) "),"#N/A") -> #N/A | I2: {=IF(A2:A1000="", , IF(B2:B1000=0, , H2:H1000 / B2:B1000) )} | J2: =IFERROR(__xludf.DUMMYFUNCTION("ARRAYFORMULA( MAP( A2:A1000, LAMBDA(id, IF(id="""",, SUM( FILTER( N(Raw!P:P), Raw!L:L=id, TRIM(SUBSTITUTE(Raw!C:C,CHAR(160),"" ""))=""Season 2"", TRIM(SUBSTITUTE(Raw!F:F,CHAR(160),"" ""))=""3v3"&""" ) ) ) ) ) ) "),"#N/A") -> #N/A | K2: {=IF(A2:A1000="", , IF(B2:B1000=0, , J2:J1000 / B2:B1000) )} | L2: =IFERROR(__xludf.DUMMYFUNCTION("ARRAYFORMULA( MAP( A2:A1000, LAMBDA(id, IF(id="""",, SUM( FILTER( N(Raw!Q:Q), Raw!L:L=id, TRIM(SUBSTITUTE(Raw!C:C,CHAR(160),"" ""))=""Season 2"", TRIM(SUBSTITUTE(Raw!F:F,CHAR(160),"" ""))=""3v3"&""" ) ) ) ) ) ) "),"#N/A") -> #N/A | M2: {=IF(A2:A1000="", , IF(B2:B1000=0, , L2:L1000 / B2:B1000) )} | N2: {=MAP( A2:A1000, LAMBDA(id, IF(id="",, IF( SUMIFS( Raw!E:E, Raw!L:L, id, Raw!C:C, "Season 2", Raw!F:F, "3v3" ) = 0, , SUMIFS( Raw!P:P, Raw!L:L, id, Raw!C:C, "Season 2", Raw!F:F, "3v3" ) / SUMIFS( Raw!E:E, Raw!L:L, id, Raw!C:C, "Season 2", Raw!F:F, "3v3" ) ) ) ) )}
A3: =IFERROR(__xludf.DUMMYFUNCTION("""COMPUTED_VALUE"""),"Anbuu") -> Anbuu | B3: 0 | C3: 0 | D3: 0 | F3: =IFERROR(__xludf.DUMMYFUNCTION("""COMPUTED_VALUE"""),"#N/A") -> #N/A | H3: =IFERROR(__xludf.DUMMYFUNCTION("""COMPUTED_VALUE"""),"#N/A") -> #N/A | J3: =IFERROR(__xludf.DUMMYFUNCTION("""COMPUTED_VALUE"""),"#N/A") -> #N/A | L3: =IFERROR(__xludf.DUMMYFUNCTION("""COMPUTED_VALUE"""),"#N/A") -> #N/A
A4: =IFERROR(__xludf.DUMMYFUNCTION("""COMPUTED_VALUE"""),"Kesny") -> Kesny | B4: 0 | C4: 0 | D4: 0 | F4: =IFERROR(__xludf.DUMMYFUNCTION("""COMPUTED_VALUE"""),"#N/A") -> #N/A | H4: =IFERROR(__xludf.DUMMYFUNCTION("""COMPUTED_VALUE"""),"#N/A") -> #N/A | J4: =IFERROR(__xludf.DUMMYFUNCTION("""COMPUTED_VALUE"""),"#N/A") -> #N/A | L4: =IFERROR(__xludf.DUMMYFUNCTION("""COMPUTED_VALUE"""),"#N/A") -> #N/A
A5: =IFERROR(__xludf.DUMMYFUNCTION("""COMPUTED_VALUE"""),"Malena") -> Malena | B5: 0 | C5: 0 | D5: 0 | F5: =IFERROR(__xludf.DUMMYFUNCTION("""COMPUTED_VALUE"""),"#N/A") -> #N/A | H5: =IFERROR(__xludf.DUMMYFUNCTION("""COMPUTED_VALUE"""),"#N/A") -> #N/A | J5: =IFERROR(__xludf.DUMMYFUNCTION("""COMPUTED_VALUE"""),"#N/A") -> #N/A | L5: =IFERROR(__xludf.DUMMYFUNCTION("""COMPUTED_VALUE"""),"#N/A") -> #N/A
A6: =IFERROR(__xludf.DUMMYFUNCTION("""COMPUTED_VALUE"""),"Nebus.") -> Nebus. | B6: 0 | C6: 0 | D6: 0 | F6: =IFERROR(__xludf.DUMMYFUNCTION("""COMPUTED_VALUE"""),"#N/A") -> #N/A | H6: =IFERROR(__xludf.DUMMYFUNCTION("""COMPUTED_VALUE"""),"#N/A") -> #N/A | J6: =IFERROR(__xludf.DUMMYFUNCTION("""COMPUTED_VALUE"""),"#N/A") -> #N/A | L6: =IFERROR(__xludf.DUMMYFUNCTION("""COMPUTED_VALUE"""),"#N/A") -> #N/A
A7: =IFERROR(__xludf.DUMMYFUNCTION("""COMPUTED_VALUE"""),"Tess1509") -> Tess1509 | B7: 0 | C7: 0 | D7: 0 | F7: =IFERROR(__xludf.DUMMYFUNCTION("""COMPUTED_VALUE"""),"#N/A") -> #N/A | H7: =IFERROR(__xludf.DUMMYFUNCTION("""COMPUTED_VALUE"""),"#N/A") -> #N/A | J7: =IFERROR(__xludf.DUMMYFUNCTION("""COMPUTED_VALUE"""),"#N/A") -> #N/A | L7: =IFERROR(__xludf.DUMMYFUNCTION("""COMPUTED_VALUE"""),"#N/A") -> #N/A
A8: =IFERROR(__xludf.DUMMYFUNCTION("""COMPUTED_VALUE"""),"Troniix") -> Troniix | B8: 0 | C8: 0 | D8: 0 | F8: =IFERROR(__xludf.DUMMYFUNCTION("""COMPUTED_VALUE"""),"#N/A") -> #N/A | H8: =IFERROR(__xludf.DUMMYFUNCTION("""COMPUTED_VALUE"""),"#N/A") -> #N/A | J8: =IFERROR(__xludf.DUMMYFUNCTION("""COMPUTED_VALUE"""),"#N/A") -> #N/A | L8: =IFERROR(__xludf.DUMMYFUNCTION("""COMPUTED_VALUE"""),"#N/A") -> #N/A
A9: =IFERROR(__xludf.DUMMYFUNCTION("""COMPUTED_VALUE"""),"ZeroO") -> ZeroO | B9: 0 | C9: 0 | D9: 0 | F9: =IFERROR(__xludf.DUMMYFUNCTION("""COMPUTED_VALUE"""),"#N/A") -> #N/A | H9: =IFERROR(__xludf.DUMMYFUNCTION("""COMPUTED_VALUE"""),"#N/A") -> #N/A | J9: =IFERROR(__xludf.DUMMYFUNCTION("""COMPUTED_VALUE"""),"#N/A") -> #N/A | L9: =IFERROR(__xludf.DUMMYFUNCTION("""COMPUTED_VALUE"""),"#N/A") -> #N/A

Sheet Team_Stats_All_Time_2v2
A1: team_key | B1: games_played | C1: wins | D1: losses | E1: winrate | F1: avg_team_goals | G1: avg_team_score
A2: =IFERROR(__xludf.DUMMYFUNCTION("SORT( UNIQUE( FILTER( Raw!J2:J1000, Raw!J2:J1000<>"""", Raw!F2:F1000=""2v2"" ) ) ) "),"Aferdita + Kesny") -> Aferdita + Kesny | B2: =IFERROR(__xludf.DUMMYFUNCTION("IF(A2="""","""", IFERROR( ROWS( UNIQUE( FILTER( Raw!A:A, Raw!J:J = A2, Raw!F:F = ""2v2"" ) ) ), 0 ) )"),2.0) -> 2 | C2: =IFERROR(__xludf.DUMMYFUNCTION("IF(A2="""","""", IFERROR( ROWS( UNIQUE( FILTER( Raw!A:A, Raw!J:J = A2, Raw!I:I = ""win"", Raw!F:F = ""2v2"" ) ) ), 0 ) )"),0.0) -> 0 | D2: =IFERROR(__xludf.DUMMYFUNCTION("IF(A2="""","""", IFERROR( ROWS( UNIQUE( FILTER( Raw!A:A, Raw!J:J = A2, Raw!I:I = ""loss"", Raw!F:F = ""2v2"" ) ) ), 0 ) )"),2.0) -> 2 | E2: {=IF(A2:A1000="", , IF(B2:B1000=0, , C2:C1000 / B2:B1000) )} -> 0 | F2: =IFERROR(__xludf.DUMMYFUNCTION("IF(A2="""","""", IFERROR( AVERAGE( UNIQUE( FILTER( Raw!N:N, Raw!J:J = A2, Raw!F:F = ""2v2"" ) ) ), 0 ) )"),8.0) -> 8 | G2: =IFERROR(__xludf.DUMMYFUNCTION("IF(A2="""","""", IFERROR( AVERAGE( UNIQUE( FILTER( Raw!R:R, Raw!J:J = A2, Raw!F:F = ""2v2"" ) ) ), 0 ) )"),247.5) -> 247.5
A3: =IFERROR(__xludf.DUMMYFUNCTION("""COMPUTED_VALUE"""),"Aferdita + Malena") -> Aferdita + Malena | B3: =IFERROR(__xludf.DUMMYFUNCTION("IF(A3="""","""", IFERROR( ROWS( UNIQUE( FILTER( Raw!A:A, Raw!J:J = A3, Raw!F:F = ""2v2"" ) ) ), 0 ) )"),4.0) -> 4 | C3: =IFERROR(__xludf.DUMMYFUNCTION("IF(A3="""","""", IFERROR( ROWS( UNIQUE( FILTER( Raw!A:A, Raw!J:J = A3, Raw!I:I = ""win"", Raw!F:F = ""2v2"" ) ) ), 0 ) )"),2.0) -> 2 | D3: =IFERROR(__xludf.DUMMYFUNCTION("IF(A3="""","""", IFERROR( ROWS( UNIQUE( FILTER( Raw!A:A, Raw!J:J = A3, Raw!I:I = ""loss"", Raw!F:F = ""2v2"" ) ) ), 0 ) )"),2.0) -> 2 | E3: 0.5 | F3: =IFERROR(__xludf.DUMMYFUNCTION("IF(A3="""","""", IFERROR( AVERAGE( UNIQUE( FILTER( Raw!N:N, Raw!J:J = A3, Raw!F:F = ""2v2"" ) ) ), 0 ) )"),8.333333333333334) -> 8.3333333 | G3: =IFERROR(__xludf.DUMMYFUNCTION("IF(A3="""","""", IFERROR( AVERAGE( UNIQUE( FILTER( Raw!R:R, Raw!J:J = A3, Raw!F:F = ""2v2"" ) ) ), 0 ) )"),274.3333333333333) -> 274.33333
A4: =IFERROR(__xludf.DUMMYFUNCTION("""COMPUTED_VALUE"""),"Aferdita + Nebus.") -> Aferdita + Nebus. | B4: =IFERROR(__xludf.DUMMYFUNCTION("IF(A4="""","""", IFERROR( ROWS( UNIQUE( FILTER( Raw!A:A, Raw!J:J = A4, Raw!F:F = ""2v2"" ) ) ), 0 ) )"),1.0) -> 1 | C4: =IFERROR(__xludf.DUMMYFUNCTION("IF(A4="""","""", IFERROR( ROWS( UNIQUE( FILTER( Raw!A:A, Raw!J:J = A4, Raw!I:I = ""win"", Raw!F:F = ""2v2"" ) ) ), 0 ) )"),1.0) -> 1 | D4: =IFERROR(__xludf.DUMMYFUNCTION("IF(A4="""","""", IFERROR( ROWS( UNIQUE( FILTER( Raw!A:A, Raw!J:J = A4, Raw!I:I = ""loss"", Raw!F:F = ""2v2"" ) ) ), 0 ) )"),0.0) -> 0 | E4: 1 | F4: =IFERROR(__xludf.DUMMYFUNCTION("IF(A4="""","""", IFERROR( AVERAGE( UNIQUE( FILTER( Raw!N:N, Raw!J:J = A4, Raw!F:F = ""2v2"" ) ) ), 0 ) )"),10.0) -> 10 | G4: =IFERROR(__xludf.DUMMYFUNCTION("IF(A4="""","""", IFERROR( AVERAGE( UNIQUE( FILTER( Raw!R:R, Raw!J:J = A4, Raw!F:F = ""2v2"" ) ) ), 0 ) )"),261.0) -> 261
A5: =IFERROR(__xludf.DUMMYFUNCTION("""COMPUTED_VALUE"""),"Aferdita + ZeroO") -> Aferdita + ZeroO | B5: =IFERROR(__xludf.DUMMYFUNCTION("IF(A5="""","""", IFERROR( ROWS( UNIQUE( FILTER( Raw!A:A, Raw!J:J = A5, Raw!F:F = ""2v2"" ) ) ), 0 ) )"),1.0) -> 1 | C5: =IFERROR(__xludf.DUMMYFUNCTION("IF(A5="""","""", IFERROR( ROWS( UNIQUE( FILTER( Raw!A:A, Raw!J:J = A5, Raw!I:I = ""win"", Raw!F:F = ""2v2"" ) ) ), 0 ) )"),0.0) -> 0 | D5: =IFERROR(__xludf.DUMMYFUNCTION("IF(A5="""","""", IFERROR( ROWS( UNIQUE( FILTER( Raw!A:A, Raw!J:J = A5, Raw!I:I = ""loss"", Raw!F:F = ""2v2"" ) ) ), 0 ) )"),1.0) -> 1 | E5: 0 | F5: =IFERROR(__xludf.DUMMYFUNCTION("IF(A5="""","""", IFERROR( AVERAGE( UNIQUE( FILTER( Raw!N:N, Raw!J:J = A5, Raw!F:F = ""2v2"" ) ) ), 0 ) )"),9.0) -> 9 | G5: =IFERROR(__xludf.DUMMYFUNCTION("IF(A5="""","""", IFERROR( AVERAGE( UNIQUE( FILTER( Raw!R:R, Raw!J:J = A5, Raw!F:F = ""2v2"" ) ) ), 0 ) )"),257.0) -> 257
A6: =IFERROR(__xludf.DUMMYFUNCTION("""COMPUTED_VALUE"""),"Kesny + Malena") -> Kesny + Malena | B6: =IFERROR(__xludf.DUMMYFUNCTION("IF(A6="""","""", IFERROR( ROWS( UNIQUE( FILTER( Raw!A:A, Raw!J:J = A6, Raw!F:F = ""2v2"" ) ) ), 0 ) )"),13.0) -> 13 | C6: =IFERROR(__xludf.DUMMYFUNCTION("IF(A6="""","""", IFERROR( ROWS( UNIQUE( FILTER( Raw!A:A, Raw!J:J = A6, Raw!I:I = ""win"", Raw!F:F = ""2v2"" ) ) ), 0 ) )"),5.0) -> 5 | D6: =IFERROR(__xludf.DUMMYFUNCTION("IF(A6="""","""", IFERROR( ROWS( UNIQUE( FILTER( Raw!A:A, Raw!J:J = A6, Raw!I:I = ""loss"", Raw!F:F = ""2v2"" ) ) ), 0 ) )"),8.0) -> 8 | E6: 0.38461538 | F6: =IFERROR(__xludf.DUMMYFUNCTION("IF(A6="""","""", IFERROR( AVERAGE( UNIQUE( FILTER( Raw!N:N, Raw!J:J = A6, Raw!F:F = ""2v2"" ) ) ), 0 ) )"),8.25) -> 8.25 | G6: =IFERROR(__xludf.DUMMYFUNCTION("IF(A6="""","""", IFERROR( AVERAGE( UNIQUE( FILTER( Raw!R:R, Raw!J:J = A6, Raw!F:F = ""2v2"" ) ) ), 0 ) )"),289.53846153846155) -> 289.53846
A7: =IFERROR(__xludf.DUMMYFUNCTION("""COMPUTED_VALUE"""),"Kesny + Nebus.") -> Kesny + Nebus. | B7: =IFERROR(__xludf.DUMMYFUNCTION("IF(A7="""","""", IFERROR( ROWS( UNIQUE( FILTER( Raw!A:A, Raw!J:J = A7, Raw!F:F = ""2v2"" ) ) ), 0 ) )"),10.0) -> 10 | C7: =IFERROR(__xludf.DUMMYFUNCTION("IF(A7="""","""", IFERROR( ROWS( UNIQUE( FILTER( Raw!A:A, Raw!J:J = A7, Raw!I:I = ""win"", Raw!F:F = ""2v2"" ) ) ), 0 ) )"),4.0) -> 4 | D7: =IFERROR(__xludf.DUMMYFUNCTION("IF(A7="""","""", IFERROR( ROWS( UNIQUE( FILTER( Raw!A:A, Raw!J:J = A7, Raw!I:I = ""loss"", Raw!F:F = ""2v2"" ) ) ), 0 ) )"),6.0) -> 6 | E7: 0.4 | F7: =IFERROR(__xludf.DUMMYFUNCTION("IF(A7="""","""", IFERROR( AVERAGE( UNIQUE( FILTER( Raw!N:N, Raw!J:J = A7, Raw!F:F = ""2v2"" ) ) ), 0 ) )"),8.5) -> 8.5 | G7: =IFERROR(__xludf.DUMMYFUNCTION("IF(A7="""","""", IFERROR( AVERAGE( UNIQUE( FILTER( Raw!R:R, Raw!J:J = A7, Raw!F:F = ""2v2"" ) ) ), 0 ) )"),295.4) -> 295.4
A8: =IFERROR(__xludf.DUMMYFUNCTION("""COMPUTED_VALUE"""),"Kesny + Tess1509") -> Kesny + Tess1509 | B8: =IFERROR(__xludf.DUMMYFUNCTION("IF(A8="""","""", IFERROR( ROWS( UNIQUE( FILTER( Raw!A:A, Raw!J:J = A8, Raw!F:F = ""2v2"" ) ) ), 0 ) )"),1.0) -> 1 | C8: =IFERROR(__xludf.DUMMYFUNCTION("IF(A8="""","""", IFERROR( ROWS( UNIQUE( FILTER( Raw!A:A, Raw!J:J = A8, Raw!I:I = ""win"", Raw!F:F = ""2v2"" ) ) ), 0 ) )"),0.0) -> 0 | D8: =IFERROR(__xludf.DUMMYFUNCTION("IF(A8="""","""", IFERROR( ROWS( UNIQUE( FILTER( Raw!A:A, Raw!J:J = A8, Raw!I:I = ""loss"", Raw!F:F = ""2v2"" ) ) ), 0 ) )"),1.0) -> 1 | E8: 0 | F8: =IFERROR(__xludf.DUMMYFUNCTION("IF(A8="""","""", IFERROR( AVERAGE( UNIQUE( FILTER( Raw!N:N, Raw!J:J = A8, Raw!F:F = ""2v2"" ) ) ), 0 ) )"),8.0) -> 8 | G8: =IFERROR(__xludf.DUMMYFUNCTION("IF(A8="""","""", IFERROR( AVERAGE( UNIQUE( FILTER( Raw!R:R, Raw!J:J = A8, Raw!F:F = ""2v2"" ) ) ), 0 ) )"),240.0) -> 240
A9: =IFERROR(__xludf.DUMMYFUNCTION("""COMPUTED_VALUE"""),"Kesny + ZeroO") -> Kesny + ZeroO | B9: =IFERROR(__xludf.DUMMYFUNCTION("IF(A9="""","""", IFERROR( ROWS( UNIQUE( FILTER( Raw!A:A, Raw!J:J = A9, Raw!F:F = ""2v2"" ) ) ), 0 ) )"),9.0) -> 9 | C9: =IFERROR(__xludf.DUMMYFUNCTION("IF(A9="""","""", IFERROR( ROWS( UNIQUE( FILTER( Raw!A:A, Raw!J:J = A9, Raw!I:I = ""win"", Raw!F:F = ""2v2"" ) ) ), 0 ) )"),2.0) -> 2 | D9: =IFERROR(__xludf.DUMMYFUNCTION("IF(A9="""","""", IFERROR( ROWS( UNIQUE( FILTER( Raw!A:A, Raw!J:J = A9, Raw!I:I = ""loss"", Raw!F:F = ""2v2"" ) ) ), 0 ) )"),7.0) -> 7 | E9: 0.22222222 | F9: =IFERROR(__xludf.DUMMYFUNCTION("IF(A9="""","""", IFERROR( AVERAGE( UNIQUE( FILTER( Raw!N:N, Raw!J:J = A9, Raw!F:F = ""2v2"" ) ) ), 0 ) )"),7.25) -> 7.25 | G9: =IFERROR(__xludf.DUMMYFUNCTION("IF(A9="""","""", IFERROR( AVERAGE( UNIQUE( FILTER( Raw!R:R, Raw!J:J = A9, Raw!F:F = ""2v2"" ) ) ), 0 ) )"),244.44444444444446) -> 244.44444
A10: =IFERROR(__xludf.DUMMYFUNCTION("""COMPUTED_VALUE"""),"Malena + Nebus.") -> Malena + Nebus. | B10: =IFERROR(__xludf.DUMMYFUNCTION("IF(A10="""","""", IFERROR( ROWS( UNIQUE( FILTER( Raw!A:A, Raw!J:J = A10, Raw!F:F = ""2v2"" ) ) ), 0 ) )"),17.0) -> 17 | C10: =IFERROR(__xludf.DUMMYFUNCTION("IF(A10="""","""", IFERROR( ROWS( UNIQUE( FILTER( Raw!A:A, Raw!J:J = A10, Raw!I:I = ""win"", Raw!F:F = ""2v2"" ) ) ), 0 ) )"),14.0) -> 14 | D10: =IFERROR(__xludf.DUMMYFUNCTION("IF(A10="""","""", IFERROR( ROWS( UNIQUE( FILTER( Raw!A:A, Raw!J:J = A10, Raw!I:I = ""loss"", Raw!F:F = ""2v2"" ) ) ), 0 ) )"),3.0) -> 3 | E10: 0.82352941 | F10: =IFERROR(__xludf.DUMMYFUNCTION("IF(A10="""","""", IFERROR( AVERAGE( UNIQUE( FILTER( Raw!N:N, Raw!J:J = A10, Raw!F:F = ""2v2"" ) ) ), 0 ) )"),8.0) -> 8 | G10: =IFERROR(__xludf.DUMMYFUNCTION("IF(A10="""","""", IFERROR( AVERAGE( UNIQUE( FILTER( Raw!R:R, Raw!J:J = A10, Raw!F:F = ""2v2"" ) ) ), 0 ) )"),272.4375) -> 272.4375
A11: =IFERROR(__xludf.DUMMYFUNCTION("""COMPUTED_VALUE"""),"Malena + Tess1509") -> Malena + Tess1509 | B11: =IFERROR(__xludf.DUMMYFUNCTION("IF(A11="""","""", IFERROR( ROWS( UNIQUE( FILTER( Raw!A:A, Raw!J:J = A11, Raw!F:F = ""2v2"" ) ) ), 0 ) )"),18.0) -> 18 | C11: =IFERROR(__xludf.DUMMYFUNCTION("IF(A11="""","""", IFERROR( ROWS( UNIQUE( FILTER( Raw!A:A, Raw!J:J = A11, Raw!I:I = ""win"", Raw!F:F = ""2v2"" ) ) ), 0 ) )"),5.0) -> 5 | D11: =IFERROR(__xludf.DUMMYFUNCTION("IF(A11="""","""", IFERROR( ROWS( UNIQUE( FILTER( Raw!A:A, Raw!J:J = A11, Raw!I:I = ""loss"", Raw!F:F = ""2v2"" ) ) ), 0 ) )"),13.0) -> 13 | E11: 0.27777778 | F11: =IFERROR(__xludf.DUMMYFUNCTION("IF(A11="""","""", IFERROR( AVERAGE( UNIQUE( FILTER( Raw!N:N, Raw!J:J = A11, Raw!F:F = ""2v2"" ) ) ), 0 ) )"),6.571428571428571) -> 6.5714286 | G11: =IFERROR(__xludf.DUMMYFUNCTION("IF(A11="""","""", IFERROR( AVERAGE( UNIQUE( FILTER( Raw!R:R, Raw!J:J = A11, Raw!F:F = ""2v2"" ) ) ), 0 ) )"),224.58823529411765) -> 224.58824
A12: =IFERROR(__xludf.DUMMYFUNCTION("""COMPUTED_VALUE"""),"Malena + ZeroO") -> Malena + ZeroO | B12: =IFERROR(__xludf.DUMMYFUNCTION("IF(A12="""","""", IFERROR( ROWS( UNIQUE( FILTER( Raw!A:A, Raw!J:J = A12, Raw!F:F = ""2v2"" ) ) ), 0 ) )"),15.0) -> 15 | C12: =IFERROR(__xludf.DUMMYFUNCTION("IF(A12="""","""", IFERROR( ROWS( UNIQUE( FILTER( Raw!A:A, Raw!J:J = A12, Raw!I:I = ""win"", Raw!F:F = ""2v2"" ) ) ), 0 ) )"),13.0) -> 13 | D12: =IFERROR(__xludf.DUMMYFUNCTION("IF(A12="""","""", IFERROR( ROWS( UNIQUE( FILTER( Raw!A:A, Raw!J:J = A12, Raw!I:I = ""loss"", Raw!F:F = ""2v2"" ) ) ), 0 ) )"),2.0) -> 2 | E12: 0.86666667 | F12: =IFERROR(__xludf.DUMMYFUNCTION("IF(A12="""","""", IFERROR( AVERAGE( UNIQUE( FILTER( Raw!N:N, Raw!J:J = A12, Raw!F:F = ""2v2"" ) ) ), 0 ) )"),8.666666666666666) -> 8.6666667 | G12: =IFERROR(__xludf.DUMMYFUNCTION("IF(A12="""","""", IFERROR( AVERAGE( UNIQUE( FILTER( Raw!R:R, Raw!J:J = A12, Raw!F:F = ""2v2"" ) ) ), 0 ) )"),262.6666666666667) -> 262.66667
A13: =IFERROR(__xludf.DUMMYFUNCTION("""COMPUTED_VALUE"""),"Nebus. + Tess1509") -> Nebus. + Tess1509 | B13: =IFERROR(__xludf.DUMMYFUNCTION("IF(A13="""","""", IFERROR( ROWS( UNIQUE( FILTER( Raw!A:A, Raw!J:J = A13, Raw!F:F = ""2v2"" ) ) ), 0 ) )"),6.0) -> 6 | C13: =IFERROR(__xludf.DUMMYFUNCTION("IF(A13="""","""", IFERROR( ROWS( UNIQUE( FILTER( Raw!A:A, Raw!J:J = A13, Raw!I:I = ""win"", Raw!F:F = ""2v2"" ) ) ), 0 ) )"),0.0) -> 0 | D13: =IFERROR(__xludf.DUMMYFUNCTION("IF(A13="""","""", IFERROR( ROWS( UNIQUE( FILTER( Raw!A:A, Raw!J:J = A13, Raw!I:I = ""loss"", Raw!F:F = ""2v2"" ) ) ), 0 ) )"),6.0) -> 6 | E13: 0 | F13: =IFERROR(__xludf.DUMMYFUNCTION("IF(A13="""","""", IFERROR( AVERAGE( UNIQUE( FILTER( Raw!N:N, Raw!J:J = A13, Raw!F:F = ""2v2"" ) ) ), 0 ) )"),4.5) -> 4.5 | G13: =IFERROR(__xludf.DUMMYFUNCTION("IF(A13="""","""", IFERROR( AVERAGE( UNIQUE( FILTER( Raw!R:R, Raw!J:J = A13, Raw!F:F = ""2v2"" ) ) ), 0 ) )"),194.66666666666666) -> 194.66667
A14: =IFERROR(__xludf.DUMMYFUNCTION("""COMPUTED_VALUE"""),"Nebus. + ZeroO") -> Nebus. + ZeroO | B14: =IFERROR(__xludf.DUMMYFUNCTION("IF(A14="""","""", IFERROR( ROWS( UNIQUE( FILTER( Raw!A:A, Raw!J:J = A14, Raw!F:F = ""2v2"" ) ) ), 0 ) )"),29.0) -> 29 | C14: =IFERROR(__xludf.DUMMYFUNCTION("IF(A14="""","""", IFERROR( ROWS( UNIQUE( FILTER( Raw!A:A, Raw!J:J = A14, Raw!I:I = ""win"", Raw!F:F = ""2v2"" ) ) ), 0 ) )"),20.0) -> 20 | D14: =IFERROR(__xludf.DUMMYFUNCTION("IF(A14="""","""", IFERROR( ROWS( UNIQUE( FILTER( Raw!A:A, Raw!J:J = A14, Raw!I:I = ""loss"", Raw!F:F = ""2v2"" ) ) ), 0 ) )"),9.0) -> 9 | E14: 0.68965517 | F14: =IFERROR(__xludf.DUMMYFUNCTION("IF(A14="""","""", IFERROR( AVERAGE( UNIQUE( FILTER( Raw!N:N, Raw!J:J = A14, Raw!F:F = ""2v2"" ) ) ), 0 ) )"),8.5) -> 8.5 | G14: =IFERROR(__xludf.DUMMYFUNCTION("IF(A14="""","""", IFERROR( AVERAGE( UNIQUE( FILTER( Raw!R:R, Raw!J:J = A14, Raw!F:F = ""2v2"" ) ) ), 0 ) )"),271.81481481481484) -> 271.81481
A15: =IFERROR(__xludf.DUMMYFUNCTION("""COMPUTED_VALUE"""),"Tess1509 + ZeroO") -> Tess1509 + ZeroO | B15: =IFERROR(__xludf.DUMMYFUNCTION("IF(A15="""","""", IFERROR( ROWS( UNIQUE( FILTER( Raw!A:A, Raw!J:J = A15, Raw!F:F = ""2v2"" ) ) ), 0 ) )"),8.0) -> 8 | C15: =IFERROR(__xludf.DUMMYFUNCTION("IF(A15="""","""", IFERROR( ROWS( UNIQUE( FILTER( Raw!A:A, Raw!J:J = A15, Raw!I:I = ""win"", Raw!F:F = ""2v2"" ) ) ), 0 ) )"),1.0) -> 1 | D15: =IFERROR(__xludf.DUMMYFUNCTION("IF(A15="""","""", IFERROR( ROWS( UNIQUE( FILTER( Raw!A:A, Raw!J:J = A15, Raw!I:I = ""loss"", Raw!F:F = ""2v2"" ) ) ), 0 ) )"),7.0) -> 7 | E15: 0.125 | F15: =IFERROR(__xludf.DUMMYFUNCTION("IF(A15="""","""", IFERROR( AVERAGE( UNIQUE( FILTER( Raw!N:N, Raw!J:J = A15, Raw!F:F = ""2v2"" ) ) ), 0 ) )"),7.75) -> 7.75 | G15: =IFERROR(__xludf.DUMMYFUNCTION("IF(A15="""","""", IFERROR( AVERAGE( UNIQUE( FILTER( Raw!R:R, Raw!J:J = A15, Raw!F:F = ""2v2"" ) ) ), 0 ) )"),222.375) -> 222.375
B16: =IFERROR(__xludf.DUMMYFUNCTION("IF(A16="""","""", IFERROR( ROWS( UNIQUE( FILTER( Raw!A:A, Raw!J:J = A16, Raw!F:F = ""2v2"" ) ) ), 0 ) )"),"") | C16: =IFERROR(__xludf.DUMMYFUNCTION("IF(A16="""","""", IFERROR( ROWS( UNIQUE( FILTER( Raw!A:A, Raw!J:J = A16, Raw!I:I = ""win"", Raw!F:F = ""2v2"" ) ) ), 0 ) )"),"") | D16: =IFERROR(__xludf.DUMMYFUNCTION("IF(A16="""","""", IFERROR( ROWS( UNIQUE( FILTER( Raw!A:A, Raw!J:J = A16, Raw!I:I = ""loss"", Raw!F:F = ""2v2"" ) ) ), 0 ) )"),"") | F16: =IFERROR(__xludf.DUMMYFUNCTION("IF(A16="""","""", IFERROR( AVERAGE( UNIQUE( FILTER( Raw!N:N, Raw!J:J = A16, Raw!F:F = ""2v2"" ) ) ), 0 ) )"),"") | G16: =IFERROR(__xludf.DUMMYFUNCTION("IF(A16="""","""", IFERROR( AVERAGE( UNIQUE( FILTER( Raw!R:R, Raw!J:J = A16, Raw!F:F = ""2v2"" ) ) ), 0 ) )"),"")
B17: =IFERROR(__xludf.DUMMYFUNCTION("IF(A17="""","""", IFERROR( ROWS( UNIQUE( FILTER( Raw!A:A, Raw!J:J = A17, Raw!F:F = ""2v2"" ) ) ), 0 ) )"),"") | C17: =IFERROR(__xludf.DUMMYFUNCTION("IF(A17="""","""", IFERROR( ROWS( UNIQUE( FILTER( Raw!A:A, Raw!J:J = A17, Raw!I:I = ""win"", Raw!F:F = ""2v2"" ) ) ), 0 ) )"),"") | D17: =IFERROR(__xludf.DUMMYFUNCTION("IF(A17="""","""", IFERROR( ROWS( UNIQUE( FILTER( Raw!A:A, Raw!J:J = A17, Raw!I:I = ""loss"", Raw!F:F = ""2v2"" ) ) ), 0 ) )"),"") | F17: =IFERROR(__xludf.DUMMYFUNCTION("IF(A17="""","""", IFERROR( AVERAGE( UNIQUE( FILTER( Raw!N:N, Raw!J:J = A17, Raw!F:F = ""2v2"" ) ) ), 0 ) )"),"") | G17: =IFERROR(__xludf.DUMMYFUNCTION("IF(A17="""","""", IFERROR( AVERAGE( UNIQUE( FILTER( Raw!R:R, Raw!J:J = A17, Raw!F:F = ""2v2"" ) ) ), 0 ) )"),"")
B18: =IFERROR(__xludf.DUMMYFUNCTION("IF(A18="""","""", IFERROR( ROWS( UNIQUE( FILTER( Raw!A:A, Raw!J:J = A18, Raw!F:F = ""2v2"" ) ) ), 0 ) )"),"") | C18: =IFERROR(__xludf.DUMMYFUNCTION("IF(A18="""","""", IFERROR( ROWS( UNIQUE( FILTER( Raw!A:A, Raw!J:J = A18, Raw!I:I = ""win"", Raw!F:F = ""2v2"" ) ) ), 0 ) )"),"") | D18: =IFERROR(__xludf.DUMMYFUNCTION("IF(A18="""","""", IFERROR( ROWS( UNIQUE( FILTER( Raw!A:A, Raw!J:J = A18, Raw!I:I = ""loss"", Raw!F:F = ""2v2"" ) ) ), 0 ) )"),"") | F18: =IFERROR(__xludf.DUMMYFUNCTION("IF(A18="""","""", IFERROR( AVERAGE( UNIQUE( FILTER( Raw!N:N, Raw!J:J = A18, Raw!F:F = ""2v2"" ) ) ), 0 ) )"),"") | G18: =IFERROR(__xludf.DUMMYFUNCTION("IF(A18="""","""", IFERROR( AVERAGE( UNIQUE( FILTER( Raw!R:R, Raw!J:J = A18, Raw!F:F = ""2v2"" ) ) ), 0 ) )"),"")
B19: =IFERROR(__xludf.DUMMYFUNCTION("IF(A19="""","""", IFERROR( ROWS( UNIQUE( FILTER( Raw!A:A, Raw!J:J = A19, Raw!F:F = ""2v2"" ) ) ), 0 ) )"),"") | C19: =IFERROR(__xludf.DUMMYFUNCTION("IF(A19="""","""", IFERROR( ROWS( UNIQUE( FILTER( Raw!A:A, Raw!J:J = A19, Raw!I:I = ""win"", Raw!F:F = ""2v2"" ) ) ), 0 ) )"),"") | D19: =IFERROR(__xludf.DUMMYFUNCTION("IF(A19="""","""", IFERROR( ROWS( UNIQUE( FILTER( Raw!A:A, Raw!J:J = A19, Raw!I:I = ""loss"", Raw!F:F = ""2v2"" ) ) ), 0 ) )"),"") | F19: =IFERROR(__xludf.DUMMYFUNCTION("IF(A19="""","""", IFERROR( AVERAGE( UNIQUE( FILTER( Raw!N:N, Raw!J:J = A19, Raw!F:F = ""2v2"" ) ) ), 0 ) )"),"") | G19: =IFERROR(__xludf.DUMMYFUNCTION("IF(A19="""","""", IFERROR( AVERAGE( UNIQUE( FILTER( Raw!R:R, Raw!J:J = A19, Raw!F:F = ""2v2"" ) ) ), 0 ) )"),"")
B20: =IFERROR(__xludf.DUMMYFUNCTION("IF(A20="""","""", IFERROR( ROWS( UNIQUE( FILTER( Raw!A:A, Raw!J:J = A20, Raw!F:F = ""2v2"" ) ) ), 0 ) )"),"") | C20: =IFERROR(__xludf.DUMMYFUNCTION("IF(A20="""","""", IFERROR( ROWS( UNIQUE( FILTER( Raw!A:A, Raw!J:J = A20, Raw!I:I = ""win"", Raw!F:F = ""2v2"" ) ) ), 0 ) )"),"") | D20: =IFERROR(__xludf.DUMMYFUNCTION("IF(A20="""","""", IFERROR( ROWS( UNIQUE( FILTER( Raw!A:A, Raw!J:J = A20, Raw!I:I = ""loss"", Raw!F:F = ""2v2"" ) ) ), 0 ) )"),"") | F20: =IFERROR(__xludf.DUMMYFUNCTION("IF(A20="""","""", IFERROR( AVERAGE( UNIQUE( FILTER( Raw!N:N, Raw!J:J = A20, Raw!F:F = ""2v2"" ) ) ), 0 ) )"),"") | G20: =IFERROR(__xludf.DUMMYFUNCTION("IF(A20="""","""", IFERROR( AVERAGE( UNIQUE( FILTER( Raw!R:R, Raw!J:J = A20, Raw!F:F = ""2v2"" ) ) ), 0 ) )"),"")
B21: =IFERROR(__xludf.DUMMYFUNCTION("IF(A21="""","""", IFERROR( ROWS( UNIQUE( FILTER( Raw!A:A, Raw!J:J = A21, Raw!F:F = ""2v2"" ) ) ), 0 ) )"),"") | C21: =IFERROR(__xludf.DUMMYFUNCTION("IF(A21="""","""", IFERROR( ROWS( UNIQUE( FILTER( Raw!A:A, Raw!J:J = A21, Raw!I:I = ""win"", Raw!F:F = ""2v2"" ) ) ), 0 ) )"),"") | D21: =IFERROR(__xludf.DUMMYFUNCTION("IF(A21="""","""", IFERROR( ROWS( UNIQUE( FILTER( Raw!A:A, Raw!J:J = A21, Raw!I:I = ""loss"", Raw!F:F = ""2v2"" ) ) ), 0 ) )"),"") | F21: =IFERROR(__xludf.DUMMYFUNCTION("IF(A21="""","""", IFERROR( AVERAGE( UNIQUE( FILTER( Raw!N:N, Raw!J:J = A21, Raw!F:F = ""2v2"" ) ) ), 0 ) )"),"") | G21: =IFERROR(__xludf.DUMMYFUNCTION("IF(A21="""","""", IFERROR( AVERAGE( UNIQUE( FILTER( Raw!R:R, Raw!J:J = A21, Raw!F:F = ""2v2"" ) ) ), 0 ) )"),"")
B22: =IFERROR(__xludf.DUMMYFUNCTION("IF(A22="""","""", IFERROR( ROWS( UNIQUE( FILTER( Raw!A:A, Raw!J:J = A22, Raw!F:F = ""2v2"" ) ) ), 0 ) )"),"") | C22: =IFERROR(__xludf.DUMMYFUNCTION("IF(A22="""","""", IFERROR( ROWS( UNIQUE( FILTER( Raw!A:A, Raw!J:J = A22, Raw!I:I = ""win"", Raw!F:F = ""2v2"" ) ) ), 0 ) )"),"") | D22: =IFERROR(__xludf.DUMMYFUNCTION("IF(A22="""","""", IFERROR( ROWS( UNIQUE( FILTER( Raw!A:A, Raw!J:J = A22, Raw!I:I = ""loss"", Raw!F:F = ""2v2"" ) ) ), 0 ) )"),"") | F22: =IFERROR(__xludf.DUMMYFUNCTION("IF(A22="""","""", IFERROR( AVERAGE( UNIQUE( FILTER( Raw!N:N, Raw!J:J = A22, Raw!F:F = ""2v2"" ) ) ), 0 ) )"),"") | G22: =IFERROR(__xludf.DUMMYFUNCTION("IF(A22="""","""", IFERROR( AVERAGE( UNIQUE( FILTER( Raw!R:R, Raw!J:J = A22, Raw!F:F = ""2v2"" ) ) ), 0 ) )"),"")
B23: =IFERROR(__xludf.DUMMYFUNCTION("IF(A23="""","""", IFERROR( ROWS( UNIQUE( FILTER( Raw!A:A, Raw!J:J = A23, Raw!F:F = ""2v2"" ) ) ), 0 ) )"),"") | C23: =IFERROR(__xludf.DUMMYFUNCTION("IF(A23="""","""", IFERROR( ROWS( UNIQUE( FILTER( Raw!A:A, Raw!J:J = A23, Raw!I:I = ""win"", Raw!F:F = ""2v2"" ) ) ), 0 ) )"),"") | D23: =IFERROR(__xludf.DUMMYFUNCTION("IF(A23="""","""", IFERROR( ROWS( UNIQUE( FILTER( Raw!A:A, Raw!J:J = A23, Raw!I:I = ""loss"", Raw!F:F = ""2v2"" ) ) ), 0 ) )"),"") | F23: =IFERROR(__xludf.DUMMYFUNCTION("IF(A23="""","""", IFERROR( AVERAGE( UNIQUE( FILTER( Raw!N:N, Raw!J:J = A23, Raw!F:F = ""2v2"" ) ) ), 0 ) )"),"") | G23: =IFERROR(__xludf.DUMMYFUNCTION("IF(A23="""","""", IFERROR( AVERAGE( UNIQUE( FILTER( Raw!R:R, Raw!J:J = A23, Raw!F:F = ""2v2"" ) ) ), 0 ) )"),"")
B24: =IFERROR(__xludf.DUMMYFUNCTION("IF(A24="""","""", IFERROR( ROWS( UNIQUE( FILTER( Raw!A:A, Raw!J:J = A24, Raw!F:F = ""2v2"" ) ) ), 0 ) )"),"") | C24: =IFERROR(__xludf.DUMMYFUNCTION("IF(A24="""","""", IFERROR( ROWS( UNIQUE( FILTER( Raw!A:A, Raw!J:J = A24, Raw!I:I = ""win"", Raw!F:F = ""2v2"" ) ) ), 0 ) )"),"") | D24: =IFERROR(__xludf.DUMMYFUNCTION("IF(A24="""","""", IFERROR( ROWS( UNIQUE( FILTER( Raw!A:A, Raw!J:J = A24, Raw!I:I = ""loss"", Raw!F:F = ""2v2"" ) ) ), 0 ) )"),"") | F24: =IFERROR(__xludf.DUMMYFUNCTION("IF(A24="""","""", IFERROR( AVERAGE( UNIQUE( FILTER( Raw!N:N, Raw!J:J = A24, Raw!F:F = ""2v2"" ) ) ), 0 ) )"),"") | G24: =IFERROR(__xludf.DUMMYFUNCTION("IF(A24="""","""", IFERROR( AVERAGE( UNIQUE( FILTER( Raw!R:R, Raw!J:J = A24, Raw!F:F = ""2v2"" ) ) ), 0 ) )"),"")
B25: =IFERROR(__xludf.DUMMYFUNCTION("IF(A25="""","""", IFERROR( ROWS( UNIQUE( FILTER( Raw!A:A, Raw!J:J = A25, Raw!F:F = ""2v2"" ) ) ), 0 ) )"),"") | C25: =IFERROR(__xludf.DUMMYFUNCTION("IF(A25="""","""", IFERROR( ROWS( UNIQUE( FILTER( Raw!A:A, Raw!J:J = A25, Raw!I:I = ""win"", Raw!F:F = ""2v2"" ) ) ), 0 ) )"),"") | D25: =IFERROR(__xludf.DUMMYFUNCTION("IF(A25="""","""", IFERROR( ROWS( UNIQUE( FILTER( Raw!A:A, Raw!J:J = A25, Raw!I:I = ""loss"", Raw!F:F = ""2v2"" ) ) ), 0 ) )"),"") | F25: =IFERROR(__xludf.DUMMYFUNCTION("IF(A25="""","""", IFERROR( AVERAGE( UNIQUE( FILTER( Raw!N:N, Raw!J:J = A25, Raw!F:F = ""2v2"" ) ) ), 0 ) )"),"") | G25: =IFERROR(__xludf.DUMMYFUNCTION("IF(A25="""","""", IFERROR( AVERAGE( UNIQUE( FILTER( Raw!R:R, Raw!J:J = A25, Raw!F:F = ""2v2"" ) ) ), 0 ) )"),"")
B26: =IFERROR(__xludf.DUMMYFUNCTION("IF(A26="""","""", IFERROR( ROWS( UNIQUE( FILTER( Raw!A:A, Raw!J:J = A26, Raw!F:F = ""2v2"" ) ) ), 0 ) )"),"") | C26: =IFERROR(__xludf.DUMMYFUNCTION("IF(A26="""","""", IFERROR( ROWS( UNIQUE( FILTER( Raw!A:A, Raw!J:J = A26, Raw!I:I = ""win"", Raw!F:F = ""2v2"" ) ) ), 0 ) )"),"") | D26: =IFERROR(__xludf.DUMMYFUNCTION("IF(A26="""","""", IFERROR( ROWS( UNIQUE( FILTER( Raw!A:A, Raw!J:J = A26, Raw!I:I = ""loss"", Raw!F:F = ""2v2"" ) ) ), 0 ) )"),"") | F26: =IFERROR(__xludf.DUMMYFUNCTION("IF(A26="""","""", IFERROR( AVERAGE( UNIQUE( FILTER( Raw!N:N, Raw!J:J = A26, Raw!F:F = ""2v2"" ) ) ), 0 ) )"),"") | G26: =IFERROR(__xludf.DUMMYFUNCTION("IF(A26="""","""", IFERROR( AVERAGE( UNIQUE( FILTER( Raw!R:R, Raw!J:J = A26, Raw!F:F = ""2v2"" ) ) ), 0 ) )"),"")
B27: =IFERROR(__xludf.DUMMYFUNCTION("IF(A27="""","""", IFERROR( ROWS( UNIQUE( FILTER( Raw!A:A, Raw!J:J = A27, Raw!F:F = ""2v2"" ) ) ), 0 ) )"),"") | C27: =IFERROR(__xludf.DUMMYFUNCTION("IF(A27="""","""", IFERROR( ROWS( UNIQUE( FILTER( Raw!A:A, Raw!J:J = A27, Raw!I:I = ""win"", Raw!F:F = ""2v2"" ) ) ), 0 ) )"),"") | D27: =IFERROR(__xludf.DUMMYFUNCTION("IF(A27="""","""", IFERROR( ROWS( UNIQUE( FILTER( Raw!A:A, Raw!J:J = A27, Raw!I:I = ""loss"", Raw!F:F = ""2v2"" ) ) ), 0 ) )"),"") | F27: =IFERROR(__xludf.DUMMYFUNCTION("IF(A27="""","""", IFERROR( AVERAGE( UNIQUE( FILTER( Raw!N:N, Raw!J:J = A27, Raw!F:F = ""2v2"" ) ) ), 0 ) )"),"") | G27: =IFERROR(__xludf.DUMMYFUNCTION("IF(A27="""","""", IFERROR( AVERAGE( UNIQUE( FILTER( Raw!R:R, Raw!J:J = A27, Raw!F:F = ""2v2"" ) ) ), 0 ) )"),"")
B28: =IFERROR(__xludf.DUMMYFUNCTION("IF(A28="""","""", IFERROR( ROWS( UNIQUE( FILTER( Raw!A:A, Raw!J:J = A28, Raw!F:F = ""2v2"" ) ) ), 0 ) )"),"") | C28: =IFERROR(__xludf.DUMMYFUNCTION("IF(A28="""","""", IFERROR( ROWS( UNIQUE( FILTER( Raw!A:A, Raw!J:J = A28, Raw!I:I = ""win"", Raw!F:F = ""2v2"" ) ) ), 0 ) )"),"") | D28: =IFERROR(__xludf.DUMMYFUNCTION("IF(A28="""","""", IFERROR( ROWS( UNIQUE( FILTER( Raw!A:A, Raw!J:J = A28, Raw!I:I = ""loss"", Raw!F:F = ""2v2"" ) ) ), 0 ) )"),"") | F28: =IFERROR(__xludf.DUMMYFUNCTION("IF(A28="""","""", IFERROR( AVERAGE( UNIQUE( FILTER( Raw!N:N, Raw!J:J = A28, Raw!F:F = ""2v2"" ) ) ), 0 ) )"),"") | G28: =IFERROR(__xludf.DUMMYFUNCTION("IF(A28="""","""", IFERROR( AVERAGE( UNIQUE( FILTER( Raw!R:R, Raw!J:J = A28, Raw!F:F = ""2v2"" ) ) ), 0 ) )"),"")
B29: =IFERROR(__xludf.DUMMYFUNCTION("IF(A29="""","""", IFERROR( ROWS( UNIQUE( FILTER( Raw!A:A, Raw!J:J = A29, Raw!F:F = ""2v2"" ) ) ), 0 ) )"),"") | C29: =IFERROR(__xludf.DUMMYFUNCTION("IF(A29="""","""", IFERROR( ROWS( UNIQUE( FILTER( Raw!A:A, Raw!J:J = A29, Raw!I:I = ""win"", Raw!F:F = ""2v2"" ) ) ), 0 ) )"),"") | D29: =IFERROR(__xludf.DUMMYFUNCTION("IF(A29="""","""", IFERROR( ROWS( UNIQUE( FILTER( Raw!A:A, Raw!J:J = A29, Raw!I:I = ""loss"", Raw!F:F = ""2v2"" ) ) ), 0 ) )"),"") | F29: =IFERROR(__xludf.DUMMYFUNCTION("IF(A29="""","""", IFERROR( AVERAGE( UNIQUE( FILTER( Raw!N:N, Raw!J:J = A29, Raw!F:F = ""2v2"" ) ) ), 0 ) )"),"") | G29: =IFERROR(__xludf.DUMMYFUNCTION("IF(A29="""","""", IFERROR( AVERAGE( UNIQUE( FILTER( Raw!R:R, Raw!J:J = A29, Raw!F:F = ""2v2"" ) ) ), 0 ) )"),"")
B30: =IFERROR(__xludf.DUMMYFUNCTION("IF(A30="""","""", IFERROR( ROWS( UNIQUE( FILTER( Raw!A:A, Raw!J:J = A30, Raw!F:F = ""2v2"" ) ) ), 0 ) )"),"") | C30: =IFERROR(__xludf.DUMMYFUNCTION("IF(A30="""","""", IFERROR( ROWS( UNIQUE( FILTER( Raw!A:A, Raw!J:J = A30, Raw!I:I = ""win"", Raw!F:F = ""2v2"" ) ) ), 0 ) )"),"") | D30: =IFERROR(__xludf.DUMMYFUNCTION("IF(A30="""","""", IFERROR( ROWS( UNIQUE( FILTER( Raw!A:A, Raw!J:J = A30, Raw!I:I = ""loss"", Raw!F:F = ""2v2"" ) ) ), 0 ) )"),"") | F30: =IFERROR(__xludf.DUMMYFUNCTION("IF(A30="""","""", IFERROR( AVERAGE( UNIQUE( FILTER( Raw!N:N, Raw!J:J = A30, Raw!F:F = ""2v2"" ) ) ), 0 ) )"),"") | G30: =IFERROR(__xludf.DUMMYFUNCTION("IF(A30="""","""", IFERROR( AVERAGE( UNIQUE( FILTER( Raw!R:R, Raw!J:J = A30, Raw!F:F = ""2v2"" ) ) ), 0 ) )"),"")
B31: =IFERROR(__xludf.DUMMYFUNCTION("IF(A31="""","""", IFERROR( ROWS( UNIQUE( FILTER( Raw!A:A, Raw!J:J = A31, Raw!F:F = ""2v2"" ) ) ), 0 ) )"),"") | C31: =IFERROR(__xludf.DUMMYFUNCTION("IF(A31="""","""", IFERROR( ROWS( UNIQUE( FILTER( Raw!A:A, Raw!J:J = A31, Raw!I:I = ""win"", Raw!F:F = ""2v2"" ) ) ), 0 ) )"),"") | D31: =IFERROR(__xludf.DUMMYFUNCTION("IF(A31="""","""", IFERROR( ROWS( UNIQUE( FILTER( Raw!A:A, Raw!J:J = A31, Raw!I:I = ""loss"", Raw!F:F = ""2v2"" ) ) ), 0 ) )"),"") | F31: =IFERROR(__xludf.DUMMYFUNCTION("IF(A31="""","""", IFERROR( AVERAGE( UNIQUE( FILTER( Raw!N:N, Raw!J:J = A31, Raw!F:F = ""2v2"" ) ) ), 0 ) )"),"") | G31: =IFERROR(__xludf.DUMMYFUNCTION("IF(A31="""","""", IFERROR( AVERAGE( UNIQUE( FILTER( Raw!R:R, Raw!J:J = A31, Raw!F:F = ""2v2"" ) ) ), 0 ) )"),"")
B32: =IFERROR(__xludf.DUMMYFUNCTION("IF(A32="""","""", IFERROR( ROWS( UNIQUE( FILTER( Raw!A:A, Raw!J:J = A32, Raw!F:F = ""2v2"" ) ) ), 0 ) )"),"") | C32: =IFERROR(__xludf.DUMMYFUNCTION("IF(A32="""","""", IFERROR( ROWS( UNIQUE( FILTER( Raw!A:A, Raw!J:J = A32, Raw!I:I = ""win"", Raw!F:F = ""2v2"" ) ) ), 0 ) )"),"") | D32: =IFERROR(__xludf.DUMMYFUNCTION("IF(A32="""","""", IFERROR( ROWS( UNIQUE( FILTER( Raw!A:A, Raw!J:J = A32, Raw!I:I = ""loss"", Raw!F:F = ""2v2"" ) ) ), 0 ) )"),"") | F32: =IFERROR(__xludf.DUMMYFUNCTION("IF(A32="""","""", IFERROR( AVERAGE( UNIQUE( FILTER( Raw!N:N, Raw!J:J = A32, Raw!F:F = ""2v2"" ) ) ), 0 ) )"),"") | G32: =IFERROR(__xludf.DUMMYFUNCTION("IF(A32="""","""", IFERROR( AVERAGE( UNIQUE( FILTER( Raw!R:R, Raw!J:J = A32, Raw!F:F = ""2v2"" ) ) ), 0 ) )"),"")
B33: =IFERROR(__xludf.DUMMYFUNCTION("IF(A33="""","""", IFERROR( ROWS( UNIQUE( FILTER( Raw!A:A, Raw!J:J = A33, Raw!F:F = ""2v2"" ) ) ), 0 ) )"),"") | C33: =IFERROR(__xludf.DUMMYFUNCTION("IF(A33="""","""", IFERROR( ROWS( UNIQUE( FILTER( Raw!A:A, Raw!J:J = A33, Raw!I:I = ""win"", Raw!F:F = ""2v2"" ) ) ), 0 ) )"),"") | D33: =IFERROR(__xludf.DUMMYFUNCTION("IF(A33="""","""", IFERROR( ROWS( UNIQUE( FILTER( Raw!A:A, Raw!J:J = A33, Raw!I:I = ""loss"", Raw!F:F = ""2v2"" ) ) ), 0 ) )"),"") | F33: =IFERROR(__xludf.DUMMYFUNCTION("IF(A33="""","""", IFERROR( AVERAGE( UNIQUE( FILTER( Raw!N:N, Raw!J:J = A33, Raw!F:F = ""2v2"" ) ) ), 0 ) )"),"") | G33: =IFERROR(__xludf.DUMMYFUNCTION("IF(A33="""","""", IFERROR( AVERAGE( UNIQUE( FILTER( Raw!R:R, Raw!J:J = A33, Raw!F:F = ""2v2"" ) ) ), 0 ) )"),"")
B34: =IFERROR(__xludf.DUMMYFUNCTION("IF(A34="""","""", IFERROR( ROWS( UNIQUE( FILTER( Raw!A:A, Raw!J:J = A34, Raw!F:F = ""2v2"" ) ) ), 0 ) )"),"") | C34: =IFERROR(__xludf.DUMMYFUNCTION("IF(A34="""","""", IFERROR( ROWS( UNIQUE( FILTER( Raw!A:A, Raw!J:J = A34, Raw!I:I = ""win"", Raw!F:F = ""2v2"" ) ) ), 0 ) )"),"") | D34: =IFERROR(__xludf.DUMMYFUNCTION("IF(A34="""","""", IFERROR( ROWS( UNIQUE( FILTER( Raw!A:A, Raw!J:J = A34, Raw!I:I = ""loss"", Raw!F:F = ""2v2"" ) ) ), 0 ) )"),"") | F34: =IFERROR(__xludf.DUMMYFUNCTION("IF(A34="""","""", IFERROR( AVERAGE( UNIQUE( FILTER( Raw!N:N, Raw!J:J = A34, Raw!F:F = ""2v2"" ) ) ), 0 ) )"),"") | G34: =IFERROR(__xludf.DUMMYFUNCTION("IF(A34="""","""", IFERROR( AVERAGE( UNIQUE( FILTER( Raw!R:R, Raw!J:J = A34, Raw!F:F = ""2v2"" ) ) ), 0 ) )"),"")
B35: =IFERROR(__xludf.DUMMYFUNCTION("IF(A35="""","""", IFERROR( ROWS( UNIQUE( FILTER( Raw!A:A, Raw!J:J = A35, Raw!F:F = ""2v2"" ) ) ), 0 ) )"),"") | C35: =IFERROR(__xludf.DUMMYFUNCTION("IF(A35="""","""", IFERROR( ROWS( UNIQUE( FILTER( Raw!A:A, Raw!J:J = A35, Raw!I:I = ""win"", Raw!F:F = ""2v2"" ) ) ), 0 ) )"),"") | D35: =IFERROR(__xludf.DUMMYFUNCTION("IF(A35="""","""", IFERROR( ROWS( UNIQUE( FILTER( Raw!A:A, Raw!J:J = A35, Raw!I:I = ""loss"", Raw!F:F = ""2v2"" ) ) ), 0 ) )"),"") | F35: =IFERROR(__xludf.DUMMYFUNCTION("IF(A35="""","""", IFERROR( AVERAGE( UNIQUE( FILTER( Raw!N:N, Raw!J:J = A35, Raw!F:F = ""2v2"" ) ) ), 0 ) )"),"") | G35: =IFERROR(__xludf.DUMMYFUNCTION("IF(A35="""","""", IFERROR( AVERAGE( UNIQUE( FILTER( Raw!R:R, Raw!J:J = A35, Raw!F:F = ""2v2"" ) ) ), 0 ) )"),"")
B36: =IFERROR(__xludf.DUMMYFUNCTION("IF(A36="""","""", IFERROR( ROWS( UNIQUE( FILTER( Raw!A:A, Raw!J:J = A36, Raw!F:F = ""2v2"" ) ) ), 0 ) )"),"") | C36: =IFERROR(__xludf.DUMMYFUNCTION("IF(A36="""","""", IFERROR( ROWS( UNIQUE( FILTER( Raw!A:A, Raw!J:J = A36, Raw!I:I = ""win"", Raw!F:F = ""2v2"" ) ) ), 0 ) )"),"") | D36: =IFERROR(__xludf.DUMMYFUNCTION("IF(A36="""","""", IFERROR( ROWS( UNIQUE( FILTER( Raw!A:A, Raw!J:J = A36, Raw!I:I = ""loss"", Raw!F:F = ""2v2"" ) ) ), 0 ) )"),"") | F36: =IFERROR(__xludf.DUMMYFUNCTION("IF(A36="""","""", IFERROR( AVERAGE( UNIQUE( FILTER( Raw!N:N, Raw!J:J = A36, Raw!F:F = ""2v2"" ) ) ), 0 ) )"),"") | G36: =IFERROR(__xludf.DUMMYFUNCTION("IF(A36="""","""", IFERROR( AVERAGE( UNIQUE( FILTER( Raw!R:R, Raw!J:J = A36, Raw!F:F = ""2v2"" ) ) ), 0 ) )"),"")
B37: =IFERROR(__xludf.DUMMYFUNCTION("IF(A37="""","""", IFERROR( ROWS( UNIQUE( FILTER( Raw!A:A, Raw!J:J = A37, Raw!F:F = ""2v2"" ) ) ), 0 ) )"),"") | C37: =IFERROR(__xludf.DUMMYFUNCTION("IF(A37="""","""", IFERROR( ROWS( UNIQUE( FILTER( Raw!A:A, Raw!J:J = A37, Raw!I:I = ""win"", Raw!F:F = ""2v2"" ) ) ), 0 ) )"),"") | D37: =IFERROR(__xludf.DUMMYFUNCTION("IF(A37="""","""", IFERROR( ROWS( UNIQUE( FILTER( Raw!A:A, Raw!J:J = A37, Raw!I:I = ""loss"", Raw!F:F = ""2v2"" ) ) ), 0 ) )"),"") | F37: =IFERROR(__xludf.DUMMYFUNCTION("IF(A37="""","""", IFERROR( AVERAGE( UNIQUE( FILTER( Raw!N:N, Raw!J:J = A37, Raw!F:F = ""2v2"" ) ) ), 0 ) )"),"") | G37: =IFERROR(__xludf.DUMMYFUNCTION("IF(A37="""","""", IFERROR( AVERAGE( UNIQUE( FILTER( Raw!R:R, Raw!J:J = A37, Raw!F:F = ""2v2"" ) ) ), 0 ) )"),"")
B38: =IFERROR(__xludf.DUMMYFUNCTION("IF(A38="""","""", IFERROR( ROWS( UNIQUE( FILTER( Raw!A:A, Raw!J:J = A38, Raw!F:F = ""2v2"" ) ) ), 0 ) )"),"") | C38: =IFERROR(__xludf.DUMMYFUNCTION("IF(A38="""","""", IFERROR( ROWS( UNIQUE( FILTER( Raw!A:A, Raw!J:J = A38, Raw!I:I = ""win"", Raw!F:F = ""2v2"" ) ) ), 0 ) )"),"") | D38: =IFERROR(__xludf.DUMMYFUNCTION("IF(A38="""","""", IFERROR( ROWS( UNIQUE( FILTER( Raw!A:A, Raw!J:J = A38, Raw!I:I = ""loss"", Raw!F:F = ""2v2"" ) ) ), 0 ) )"),"") | F38: =IFERROR(__xludf.DUMMYFUNCTION("IF(A38="""","""", IFERROR( AVERAGE( UNIQUE( FILTER( Raw!N:N, Raw!J:J = A38, Raw!F:F = ""2v2"" ) ) ), 0 ) )"),"") | G38: =IFERROR(__xludf.DUMMYFUNCTION("IF(A38="""","""", IFERROR( AVERAGE( UNIQUE( FILTER( Raw!R:R, Raw!J:J = A38, Raw!F:F = ""2v2"" ) ) ), 0 ) )"),"")
B39: =IFERROR(__xludf.DUMMYFUNCTION("IF(A39="""","""", IFERROR( ROWS( UNIQUE( FILTER( Raw!A:A, Raw!J:J = A39, Raw!F:F = ""2v2"" ) ) ), 0 ) )"),"") | C39: =IFERROR(__xludf.DUMMYFUNCTION("IF(A39="""","""", IFERROR( ROWS( UNIQUE( FILTER( Raw!A:A, Raw!J:J = A39, Raw!I:I = ""win"", Raw!F:F = ""2v2"" ) ) ), 0 ) )"),"") | D39: =IFERROR(__xludf.DUMMYFUNCTION("IF(A39="""","""", IFERROR( ROWS( UNIQUE( FILTER( Raw!A:A, Raw!J:J = A39, Raw!I:I = ""loss"", Raw!F:F = ""2v2"" ) ) ), 0 ) )"),"") | F39: =IFERROR(__xludf.DUMMYFUNCTION("IF(A39="""","""", IFERROR( AVERAGE( UNIQUE( FILTER( Raw!N:N, Raw!J:J = A39, Raw!F:F = ""2v2"" ) ) ), 0 ) )"),"") | G39: =IFERROR(__xludf.DUMMYFUNCTION("IF(A39="""","""", IFERROR( AVERAGE( UNIQUE( FILTER( Raw!R:R, Raw!J:J = A39, Raw!F:F = ""2v2"" ) ) ), 0 ) )"),"")
B40: =IFERROR(__xludf.DUMMYFUNCTION("IF(A40="""","""", IFERROR( ROWS( UNIQUE( FILTER( Raw!A:A, Raw!J:J = A40, Raw!F:F = ""2v2"" ) ) ), 0 ) )"),"") | C40: =IFERROR(__xludf.DUMMYFUNCTION("IF(A40="""","""", IFERROR( ROWS( UNIQUE( FILTER( Raw!A:A, Raw!J:J = A40, Raw!I:I = ""win"", Raw!F:F = ""2v2"" ) ) ), 0 ) )"),"") | D40: =IFERROR(__xludf.DUMMYFUNCTION("IF(A40="""","""", IFERROR( ROWS( UNIQUE( FILTER( Raw!A:A, Raw!J:J = A40, Raw!I:I = ""loss"", Raw!F:F = ""2v2"" ) ) ), 0 ) )"),"") | F40: =IFERROR(__xludf.DUMMYFUNCTION("IF(A40="""","""", IFERROR( AVERAGE( UNIQUE( FILTER( Raw!N:N, Raw!J:J = A40, Raw!F:F = ""2v2"" ) ) ), 0 ) )"),"") | G40: =IFERROR(__xludf.DUMMYFUNCTION("IF(A40="""","""", IFERROR( AVERAGE( UNIQUE( FILTER( Raw!R:R, Raw!J:J = A40, Raw!F:F = ""2v2"" ) ) ), 0 ) )"),"")
B41: =IFERROR(__xludf.DUMMYFUNCTION("IF(A41="""","""", IFERROR( ROWS( UNIQUE( FILTER( Raw!A:A, Raw!J:J = A41, Raw!F:F = ""2v2"" ) ) ), 0 ) )"),"") | C41: =IFERROR(__xludf.DUMMYFUNCTION("IF(A41="""","""", IFERROR( ROWS( UNIQUE( FILTER( Raw!A:A, Raw!J:J = A41, Raw!I:I = ""win"", Raw!F:F = ""2v2"" ) ) ), 0 ) )"),"") | D41: =IFERROR(__xludf.DUMMYFUNCTION("IF(A41="""","""", IFERROR( ROWS( UNIQUE( FILTER( Raw!A:A, Raw!J:J = A41, Raw!I:I = ""loss"", Raw!F:F = ""2v2"" ) ) ), 0 ) )"),"") | F41: =IFERROR(__xludf.DUMMYFUNCTION("IF(A41="""","""", IFERROR( AVERAGE( UNIQUE( FILTER( Raw!N:N, Raw!J:J = A41, Raw!F:F = ""2v2"" ) ) ), 0 ) )"),"") | G41: =IFERROR(__xludf.DUMMYFUNCTION("IF(A41="""","""", IFERROR( AVERAGE( UNIQUE( FILTER( Raw!R:R, Raw!J:J = A41, Raw!F:F = ""2v2"" ) ) ), 0 ) )"),"")
B42: =IFERROR(__xludf.DUMMYFUNCTION("IF(A42="""","""", IFERROR( ROWS( UNIQUE( FILTER( Raw!A:A, Raw!J:J = A42, Raw!F:F = ""2v2"" ) ) ), 0 ) )"),"") | C42: =IFERROR(__xludf.DUMMYFUNCTION("IF(A42="""","""", IFERROR( ROWS( UNIQUE( FILTER( Raw!A:A, Raw!J:J = A42, Raw!I:I = ""win"", Raw!F:F = ""2v2"" ) ) ), 0 ) )"),"") | D42: =IFERROR(__xludf.DUMMYFUNCTION("IF(A42="""","""", IFERROR( ROWS( UNIQUE( FILTER( Raw!A:A, Raw!J:J = A42, Raw!I:I = ""loss"", Raw!F:F = ""2v2"" ) ) ), 0 ) )"),"") | F42: =IFERROR(__xludf.DUMMYFUNCTION("IF(A42="""","""", IFERROR( AVERAGE( UNIQUE( FILTER( Raw!N:N, Raw!J:J = A42, Raw!F:F = ""2v2"" ) ) ), 0 ) )"),"") | G42: =IFERROR(__xludf.DUMMYFUNCTION("IF(A42="""","""", IFERROR( AVERAGE( UNIQUE( FILTER( Raw!R:R, Raw!J:J = A42, Raw!F:F = ""2v2"" ) ) ), 0 ) )"),"")
B43: =IFERROR(__xludf.DUMMYFUNCTION("IF(A43="""","""", IFERROR( ROWS( UNIQUE( FILTER( Raw!A:A, Raw!J:J = A43, Raw!F:F = ""2v2"" ) ) ), 0 ) )"),"") | C43: =IFERROR(__xludf.DUMMYFUNCTION("IF(A43="""","""", IFERROR( ROWS( UNIQUE( FILTER( Raw!A:A, Raw!J:J = A43, Raw!I:I = ""win"", Raw!F:F = ""2v2"" ) ) ), 0 ) )"),"") | D43: =IFERROR(__xludf.DUMMYFUNCTION("IF(A43="""","""", IFERROR( ROWS( UNIQUE( FILTER( Raw!A:A, Raw!J:J = A43, Raw!I:I = ""loss"", Raw!F:F = ""2v2"" ) ) ), 0 ) )"),"") | F43: =IFERROR(__xludf.DUMMYFUNCTION("IF(A43="""","""", IFERROR( AVERAGE( UNIQUE( FILTER( Raw!N:N, Raw!J:J = A43, Raw!F:F = ""2v2"" ) ) ), 0 ) )"),"") | G43: =IFERROR(__xludf.DUMMYFUNCTION("IF(A43="""","""", IFERROR( AVERAGE( UNIQUE( FILTER( Raw!R:R, Raw!J:J = A43, Raw!F:F = ""2v2"" ) ) ), 0 ) )"),"")
B44: =IFERROR(__xludf.DUMMYFUNCTION("IF(A44="""","""", IFERROR( ROWS( UNIQUE( FILTER( Raw!A:A, Raw!J:J = A44, Raw!F:F = ""2v2"" ) ) ), 0 ) )"),"") | C44: =IFERROR(__xludf.DUMMYFUNCTION("IF(A44="""","""", IFERROR( ROWS( UNIQUE( FILTER( Raw!A:A, Raw!J:J = A44, Raw!I:I = ""win"", Raw!F:F = ""2v2"" ) ) ), 0 ) )"),"") | D44: =IFERROR(__xludf.DUMMYFUNCTION("IF(A44="""","""", IFERROR( ROWS( UNIQUE( FILTER( Raw!A:A, Raw!J:J = A44, Raw!I:I = ""loss"", Raw!F:F = ""2v2"" ) ) ), 0 ) )"),"") | F44: =IFERROR(__xludf.DUMMYFUNCTION("IF(A44="""","""", IFERROR( AVERAGE( UNIQUE( FILTER( Raw!N:N, Raw!J:J = A44, Raw!F:F = ""2v2"" ) ) ), 0 ) )"),"") | G44: =IFERROR(__xludf.DUMMYFUNCTION("IF(A44="""","""", IFERROR( AVERAGE( UNIQUE( FILTER( Raw!R:R, Raw!J:J = A44, Raw!F:F = ""2v2"" ) ) ), 0 ) )"),"")
B45: =IFERROR(__xludf.DUMMYFUNCTION("IF(A45="""","""", IFERROR( ROWS( UNIQUE( FILTER( Raw!A:A, Raw!J:J = A45, Raw!F:F = ""2v2"" ) ) ), 0 ) )"),"") | C45: =IFERROR(__xludf.DUMMYFUNCTION("IF(A45="""","""", IFERROR( ROWS( UNIQUE( FILTER( Raw!A:A, Raw!J:J = A45, Raw!I:I = ""win"", Raw!F:F = ""2v2"" ) ) ), 0 ) )"),"") | D45: =IFERROR(__xludf.DUMMYFUNCTION("IF(A45="""","""", IFERROR( ROWS( UNIQUE( FILTER( Raw!A:A, Raw!J:J = A45, Raw!I:I = ""loss"", Raw!F:F = ""2v2"" ) ) ), 0 ) )"),"") | F45: =IFERROR(__xludf.DUMMYFUNCTION("IF(A45="""","""", IFERROR( AVERAGE( UNIQUE( FILTER( Raw!N:N, Raw!J:J = A45, Raw!F:F = ""2v2"" ) ) ), 0 ) )"),"") | G45: =IFERROR(__xludf.DUMMYFUNCTION("IF(A45="""","""", IFERROR( AVERAGE( UNIQUE( FILTER( Raw!R:R, Raw!J:J = A45, Raw!F:F = ""2v2"" ) ) ), 0 ) )"),"")
B46: =IFERROR(__xludf.DUMMYFUNCTION("IF(A46="""","""", IFERROR( ROWS( UNIQUE( FILTER( Raw!A:A, Raw!J:J = A46, Raw!F:F = ""2v2"" ) ) ), 0 ) )"),"") | C46: =IFERROR(__xludf.DUMMYFUNCTION("IF(A46="""","""", IFERROR( ROWS( UNIQUE( FILTER( Raw!A:A, Raw!J:J = A46, Raw!I:I = ""win"", Raw!F:F = ""2v2"" ) ) ), 0 ) )"),"") | D46: =IFERROR(__xludf.DUMMYFUNCTION("IF(A46="""","""", IFERROR( ROWS( UNIQUE( FILTER( Raw!A:A, Raw!J:J = A46, Raw!I:I = ""loss"", Raw!F:F = ""2v2"" ) ) ), 0 ) )"),"") | F46: =IFERROR(__xludf.DUMMYFUNCTION("IF(A46="""","""", IFERROR( AVERAGE( UNIQUE( FILTER( Raw!N:N, Raw!J:J = A46, Raw!F:F = ""2v2"" ) ) ), 0 ) )"),"") | G46: =IFERROR(__xludf.DUMMYFUNCTION("IF(A46="""","""", IFERROR( AVERAGE( UNIQUE( FILTER( Raw!R:R, Raw!J:J = A46, Raw!F:F = ""2v2"" ) ) ), 0 ) )"),"")
B47: =IFERROR(__xludf.DUMMYFUNCTION("IF(A47="""","""", IFERROR( ROWS( UNIQUE( FILTER( Raw!A:A, Raw!J:J = A47, Raw!F:F = ""2v2"" ) ) ), 0 ) )"),"") | C47: =IFERROR(__xludf.DUMMYFUNCTION("IF(A47="""","""", IFERROR( ROWS( UNIQUE( FILTER( Raw!A:A, Raw!J:J = A47, Raw!I:I = ""win"", Raw!F:F = ""2v2"" ) ) ), 0 ) )"),"") | D47: =IFERROR(__xludf.DUMMYFUNCTION("IF(A47="""","""", IFERROR( ROWS( UNIQUE( FILTER( Raw!A:A, Raw!J:J = A47, Raw!I:I = ""loss"", Raw!F:F = ""2v2"" ) ) ), 0 ) )"),"") | F47: =IFERROR(__xludf.DUMMYFUNCTION("IF(A47="""","""", IFERROR( AVERAGE( UNIQUE( FILTER( Raw!N:N, Raw!J:J = A47, Raw!F:F = ""2v2"" ) ) ), 0 ) )"),"") | G47: =IFERROR(__xludf.DUMMYFUNCTION("IF(A47="""","""", IFERROR( AVERAGE( UNIQUE( FILTER( Raw!R:R, Raw!J:J = A47, Raw!F:F = ""2v2"" ) ) ), 0 ) )"),"")
F48: =IFERROR(__xludf.DUMMYFUNCTION("IF(A48="""","""", IFERROR( AVERAGE( UNIQUE( FILTER( Raw!N:N, Raw!J:J = A48, Raw!F:F = ""2v2"" ) ) ), 0 ) )"),"") | G48: =IFERROR(__xludf.DUMMYFUNCTION("IF(A48="""","""", IFERROR( AVERAGE( UNIQUE( FILTER( Raw!R:R, Raw!J:J = A48, Raw!F:F = ""2v2"" ) ) ), 0 ) )"),"")
F49: =IFERROR(__xludf.DUMMYFUNCTION("IF(A49="""","""", IFERROR( AVERAGE( UNIQUE( FILTER( Raw!N:N, Raw!J:J = A49, Raw!F:F = ""2v2"" ) ) ), 0 ) )"),"") | G49: =IFERROR(__xludf.DUMMYFUNCTION("IF(A49="""","""", IFERROR( AVERAGE( UNIQUE( FILTER( Raw!R:R, Raw!J:J = A49, Raw!F:F = ""2v2"" ) ) ), 0 ) )"),"")
F50: =IFERROR(__xludf.DUMMYFUNCTION("IF(A50="""","""", IFERROR( AVERAGE( UNIQUE( FILTER( Raw!N:N, Raw!J:J = A50, Raw!F:F = ""2v2"" ) ) ), 0 ) )"),"") | G50: =IFERROR(__xludf.DUMMYFUNCTION("IF(A50="""","""", IFERROR( AVERAGE( UNIQUE( FILTER( Raw!R:R, Raw!J:J = A50, Raw!F:F = ""2v2"" ) ) ), 0 ) )"),"")
F51: =IFERROR(__xludf.DUMMYFUNCTION("IF(A51="""","""", IFERROR( AVERAGE( UNIQUE( FILTER( Raw!N:N, Raw!J:J = A51, Raw!F:F = ""2v2"" ) ) ), 0 ) )"),"") | G51: =IFERROR(__xludf.DUMMYFUNCTION("IF(A51="""","""", IFERROR( AVERAGE( UNIQUE( FILTER( Raw!R:R, Raw!J:J = A51, Raw!F:F = ""2v2"" ) ) ), 0 ) )"),"")
F52: =IFERROR(__xludf.DUMMYFUNCTION("IF(A52="""","""", IFERROR( AVERAGE( UNIQUE( FILTER( Raw!N:N, Raw!J:J = A52, Raw!F:F = ""2v2"" ) ) ), 0 ) )"),"") | G52: =IFERROR(__xludf.DUMMYFUNCTION("IF(A52="""","""", IFERROR( AVERAGE( UNIQUE( FILTER( Raw!R:R, Raw!J:J = A52, Raw!F:F = ""2v2"" ) ) ), 0 ) )"),"")

Sheet Team_Stats_All_Time_3v3
A1: team_key | B1: games_played | C1: wins | D1: losses | E1: winrate | F1: avg_team_goals | G1: avg_team_score
A2: =IFERROR(__xludf.DUMMYFUNCTION("SORT( UNIQUE( FILTER( Raw!J2:J1000, Raw!J2:J1000<>"""", Raw!F2:F1000=""3v3"" ) ) ) "),"Aferdita + Anbuu + ZeroO") -> Aferdita + Anbuu + ZeroO | B2: =IFERROR(__xludf.DUMMYFUNCTION("IF(A2="""","""", IFERROR( ROWS( UNIQUE( FILTER( Raw!A:A, Raw!J:J = A2, Raw!F:F = ""3v3"" ) ) ), 0 ) )"),2.0) -> 2 | C2: =IFERROR(__xludf.DUMMYFUNCTION("IF(A2="""","""", IFERROR( ROWS( UNIQUE( FILTER( Raw!A:A, Raw!J:J = A2, Raw!I:I = ""win"", Raw!F:F = ""3v3"" ) ) ), 0 ) )"),1.0) -> 1 | D2: =IFERROR(__xludf.DUMMYFUNCTION("IF(A2="""","""", IFERROR( ROWS( UNIQUE( FILTER( Raw!A:A, Raw!J:J = A2, Raw!I:I = ""loss"", Raw!F:F = ""3v3"" ) ) ), 0 ) )"),1.0) -> 1 | E2: {=IF(A2:A1000="", , IF(B2:B1000=0, , C2:C1000 / B2:B1000) )} -> 0.5 | F2: =IFERROR(__xludf.DUMMYFUNCTION("IF(A2="""","""", IFERROR( AVERAGE( UNIQUE( FILTER( Raw!N:N, Raw!J:J = A2, Raw!F:F = ""3v3"" ) ) ), 0 ) )"),8.0) -> 8 | G2: =IFERROR(__xludf.DUMMYFUNCTION("IF(A2="""","""", IFERROR( AVERAGE( UNIQUE( FILTER( Raw!R:R, Raw!J:J = A2, Raw!F:F = ""3v3"" ) ) ), 0 ) )"),400.0) -> 400
A3: =IFERROR(__xludf.DUMMYFUNCTION("""COMPUTED_VALUE"""),"Aferdita + Kesny + Malena") -> Aferdita + Kesny + Malena | B3: =IFERROR(__xludf.DUMMYFUNCTION("IF(A3="""","""", IFERROR( ROWS( UNIQUE( FILTER( Raw!A:A, Raw!J:J = A3, Raw!F:F = ""3v3"" ) ) ), 0 ) )"),2.0) -> 2 | C3: =IFERROR(__xludf.DUMMYFUNCTION("IF(A3="""","""", IFERROR( ROWS( UNIQUE( FILTER( Raw!A:A, Raw!J:J = A3, Raw!I:I = ""win"", Raw!F:F = ""3v3"" ) ) ), 0 ) )"),0.0) -> 0 | D3: =IFERROR(__xludf.DUMMYFUNCTION("IF(A3="""","""", IFERROR( ROWS( UNIQUE( FILTER( Raw!A:A, Raw!J:J = A3, Raw!I:I = ""loss"", Raw!F:F = ""3v3"" ) ) ), 0 ) )"),2.0) -> 2 | E3: 0 | F3: =IFERROR(__xludf.DUMMYFUNCTION("IF(A3="""","""", IFERROR( AVERAGE( UNIQUE( FILTER( Raw!N:N, Raw!J:J = A3, Raw!F:F = ""3v3"" ) ) ), 0 ) )"),7.0) -> 7 | G3: =IFERROR(__xludf.DUMMYFUNCTION("IF(A3="""","""", IFERROR( AVERAGE( UNIQUE( FILTER( Raw!R:R, Raw!J:J = A3, Raw!F:F = ""3v3"" ) ) ), 0 ) )"),377.0) -> 377
A4: =IFERROR(__xludf.DUMMYFUNCTION("""COMPUTED_VALUE"""),"Aferdita + Kesny + Nebus.") -> Aferdita + Kesny + Nebus. | B4: =IFERROR(__xludf.DUMMYFUNCTION("IF(A4="""","""", IFERROR( ROWS( UNIQUE( FILTER( Raw!A:A, Raw!J:J = A4, Raw!F:F = ""3v3"" ) ) ), 0 ) )"),1.0) -> 1 | C4: =IFERROR(__xludf.DUMMYFUNCTION("IF(A4="""","""", IFERROR( ROWS( UNIQUE( FILTER( Raw!A:A, Raw!J:J = A4, Raw!I:I = ""win"", Raw!F:F = ""3v3"" ) ) ), 0 ) )"),1.0) -> 1 | D4: =IFERROR(__xludf.DUMMYFUNCTION("IF(A4="""","""", IFERROR( ROWS( UNIQUE( FILTER( Raw!A:A, Raw!J:J = A4, Raw!I:I = ""loss"", Raw!F:F = ""3v3"" ) ) ), 0 ) )"),0.0) -> 0 | E4: 1 | F4: =IFERROR(__xludf.DUMMYFUNCTION("IF(A4="""","""", IFERROR( AVERAGE( UNIQUE( FILTER( Raw!N:N, Raw!J:J = A4, Raw!F:F = ""3v3"" ) ) ), 0 ) )"),10.0) -> 10 | G4: =IFERROR(__xludf.DUMMYFUNCTION("IF(A4="""","""", IFERROR( AVERAGE( UNIQUE( FILTER( Raw!R:R, Raw!J:J = A4, Raw!F:F = ""3v3"" ) ) ), 0 ) )"),444.0) -> 444
A5: =IFERROR(__xludf.DUMMYFUNCTION("""COMPUTED_VALUE"""),"Aferdita + Kesny + ZeroO") -> Aferdita + Kesny + ZeroO | B5: =IFERROR(__xludf.DUMMYFUNCTION("IF(A5="""","""", IFERROR( ROWS( UNIQUE( FILTER( Raw!A:A, Raw!J:J = A5, Raw!F:F = ""3v3"" ) ) ), 0 ) )"),5.0) -> 5 | C5: =IFERROR(__xludf.DUMMYFUNCTION("IF(A5="""","""", IFERROR( ROWS( UNIQUE( FILTER( Raw!A:A, Raw!J:J = A5, Raw!I:I = ""win"", Raw!F:F = ""3v3"" ) ) ), 0 ) )"),2.0) -> 2 | D5: =IFERROR(__xludf.DUMMYFUNCTION("IF(A5="""","""", IFERROR( ROWS( UNIQUE( FILTER( Raw!A:A, Raw!J:J = A5, Raw!I:I = ""loss"", Raw!F:F = ""3v3"" ) ) ), 0 ) )"),3.0) -> 3 | E5: 0.4 | F5: =IFERROR(__xludf.DUMMYFUNCTION("IF(A5="""","""", IFERROR( AVERAGE( UNIQUE( FILTER( Raw!N:N, Raw!J:J = A5, Raw!F:F = ""3v3"" ) ) ), 0 ) )"),7.75) -> 7.75 | G5: =IFERROR(__xludf.DUMMYFUNCTION("IF(A5="""","""", IFERROR( AVERAGE( UNIQUE( FILTER( Raw!R:R, Raw!J:J = A5, Raw!F:F = ""3v3"" ) ) ), 0 ) )"),475.4) -> 475.4
A6: =IFERROR(__xludf.DUMMYFUNCTION("""COMPUTED_VALUE"""),"Aferdita + Malena + Nebus.") -> Aferdita + Malena + Nebus. | B6: =IFERROR(__xludf.DUMMYFUNCTION("IF(A6="""","""", IFERROR( ROWS( UNIQUE( FILTER( Raw!A:A, Raw!J:J = A6, Raw!F:F = ""3v3"" ) ) ), 0 ) )"),1.0) -> 1 | C6: =IFERROR(__xludf.DUMMYFUNCTION("IF(A6="""","""", IFERROR( ROWS( UNIQUE( FILTER( Raw!A:A, Raw!J:J = A6, Raw!I:I = ""win"", Raw!F:F = ""3v3"" ) ) ), 0 ) )"),1.0) -> 1 | D6: =IFERROR(__xludf.DUMMYFUNCTION("IF(A6="""","""", IFERROR( ROWS( UNIQUE( FILTER( Raw!A:A, Raw!J:J = A6, Raw!I:I = ""loss"", Raw!F:F = ""3v3"" ) ) ), 0 ) )"),0.0) -> 0 | E6: 1 | F6: =IFERROR(__xludf.DUMMYFUNCTION("IF(A6="""","""", IFERROR( AVERAGE( UNIQUE( FILTER( Raw!N:N, Raw!J:J = A6, Raw!F:F = ""3v3"" ) ) ), 0 ) )"),10.0) -> 10 | G6: =IFERROR(__xludf.DUMMYFUNCTION("IF(A6="""","""", IFERROR( AVERAGE( UNIQUE( FILTER( Raw!R:R, Raw!J:J = A6, Raw!F:F = ""3v3"" ) ) ), 0 ) )"),527.0) -> 527
A7: =IFERROR(__xludf.DUMMYFUNCTION("""COMPUTED_VALUE"""),"Aferdita + Malena + Tess1509") -> Aferdita + Malena + Tess1509 | B7: =IFERROR(__xludf.DUMMYFUNCTION("IF(A7="""","""", IFERROR( ROWS( UNIQUE( FILTER( Raw!A:A, Raw!J:J = A7, Raw!F:F = ""3v3"" ) ) ), 0 ) )"),5.0) -> 5 | C7: =IFERROR(__xludf.DUMMYFUNCTION("IF(A7="""","""", IFERROR( ROWS( UNIQUE( FILTER( Raw!A:A, Raw!J:J = A7, Raw!I:I = ""win"", Raw!F:F = ""3v3"" ) ) ), 0 ) )"),0.0) -> 0 | D7: =IFERROR(__xludf.DUMMYFUNCTION("IF(A7="""","""", IFERROR( ROWS( UNIQUE( FILTER( Raw!A:A, Raw!J:J = A7, Raw!I:I = ""loss"", Raw!F:F = ""3v3"" ) ) ), 0 ) )"),5.0) -> 5 | E7: 0 | F7: =IFERROR(__xludf.DUMMYFUNCTION("IF(A7="""","""", IFERROR( AVERAGE( UNIQUE( FILTER( Raw!N:N, Raw!J:J = A7, Raw!F:F = ""3v3"" ) ) ), 0 ) )"),3.5) -> 3.5 | G7: =IFERROR(__xludf.DUMMYFUNCTION("IF(A7="""","""", IFERROR( AVERAGE( UNIQUE( FILTER( Raw!R:R, Raw!J:J = A7, Raw!F:F = ""3v3"" ) ) ), 0 ) )"),294.4) -> 294.4
A8: =IFERROR(__xludf.DUMMYFUNCTION("""COMPUTED_VALUE"""),"Aferdita + Malena + ZeroO") -> Aferdita + Malena + ZeroO | B8: =IFERROR(__xludf.DUMMYFUNCTION("IF(A8="""","""", IFERROR( ROWS( UNIQUE( FILTER( Raw!A:A, Raw!J:J = A8, Raw!F:F = ""3v3"" ) ) ), 0 ) )"),1.0) -> 1 | C8: =IFERROR(__xludf.DUMMYFUNCTION("IF(A8="""","""", IFERROR( ROWS( UNIQUE( FILTER( Raw!A:A, Raw!J:J = A8, Raw!I:I = ""win"", Raw!F:F = ""3v3"" ) ) ), 0 ) )"),1.0) -> 1 | D8: =IFERROR(__xludf.DUMMYFUNCTION("IF(A8="""","""", IFERROR( ROWS( UNIQUE( FILTER( Raw!A:A, Raw!J:J = A8, Raw!I:I = ""loss"", Raw!F:F = ""3v3"" ) ) ), 0 ) )"),0.0) -> 0 | E8: 1 | F8: =IFERROR(__xludf.DUMMYFUNCTION("IF(A8="""","""", IFERROR( AVERAGE( UNIQUE( FILTER( Raw!N:N, Raw!J:J = A8, Raw!F:F = ""3v3"" ) ) ), 0 ) )"),10.0) -> 10 | G8: =IFERROR(__xludf.DUMMYFUNCTION("IF(A8="""","""", IFERROR( AVERAGE( UNIQUE( FILTER( Raw!R:R, Raw!J:J = A8, Raw!F:F = ""3v3"" ) ) ), 0 ) )"),389.0) -> 389
A9: =IFERROR(__xludf.DUMMYFUNCTION("""COMPUTED_VALUE"""),"Aferdita + Nebus. + ZeroO") -> Aferdita + Nebus. + ZeroO | B9: =IFERROR(__xludf.DUMMYFUNCTION("IF(A9="""","""", IFERROR( ROWS( UNIQUE( FILTER( Raw!A:A, Raw!J:J = A9, Raw!F:F = ""3v3"" ) ) ), 0 ) )"),3.0) -> 3 | C9: =IFERROR(__xludf.DUMMYFUNCTION("IF(A9="""","""", IFERROR( ROWS( UNIQUE( FILTER( Raw!A:A, Raw!J:J = A9, Raw!I:I = ""win"", Raw!F:F = ""3v3"" ) ) ), 0 ) )"),3.0) -> 3 | D9: =IFERROR(__xludf.DUMMYFUNCTION("IF(A9="""","""", IFERROR( ROWS( UNIQUE( FILTER( Raw!A:A, Raw!J:J = A9, Raw!I:I = ""loss"", Raw!F:F = ""3v3"" ) ) ), 0 ) )"),0.0) -> 0 | E9: 1 | F9: =IFERROR(__xludf.DUMMYFUNCTION("IF(A9="""","""", IFERROR( AVERAGE( UNIQUE( FILTER( Raw!N:N, Raw!J:J = A9, Raw!F:F = ""3v3"" ) ) ), 0 ) )"),10.0) -> 10 | G9: =IFERROR(__xludf.DUMMYFUNCTION("IF(A9="""","""", IFERROR( AVERAGE( UNIQUE( FILTER( Raw!R:R, Raw!J:J = A9, Raw!F:F = ""3v3"" ) ) ), 0 ) )"),465.6666666666667) -> 465.66667
A10: =IFERROR(__xludf.DUMMYFUNCTION("""COMPUTED_VALUE"""),"Anbuu + Aferdita + Malena") -> Anbuu + Aferdita + Malena | B10: =IFERROR(__xludf.DUMMYFUNCTION("IF(A10="""","""", IFERROR( ROWS( UNIQUE( FILTER( Raw!A:A, Raw!J:J = A10, Raw!F:F = ""3v3"" ) ) ), 0 ) )"),1.0) -> 1 | C10: =IFERROR(__xludf.DUMMYFUNCTION("IF(A10="""","""", IFERROR( ROWS( UNIQUE( FILTER( Raw!A:A, Raw!J:J = A10, Raw!I:I = ""win"", Raw!F:F = ""3v3"" ) ) ), 0 ) )"),1.0) -> 1 | D10: =IFERROR(__xludf.DUMMYFUNCTION("IF(A10="""","""", IFERROR( ROWS( UNIQUE( FILTER( Raw!A:A, Raw!J:J = A10, Raw!I:I = ""loss"", Raw!F:F = ""3v3"" ) ) ), 0 ) )"),0.0) -> 0 | E10: 1 | F10: =IFERROR(__xludf.DUMMYFUNCTION("IF(A10="""","""", IFERROR( AVERAGE( UNIQUE( FILTER( Raw!N:N, Raw!J:J = A10, Raw!F:F = ""3v3"" ) ) ), 0 ) )"),9.0) -> 9 | G10: =IFERROR(__xludf.DUMMYFUNCTION("IF(A10="""","""", IFERROR( AVERAGE( UNIQUE( FILTER( Raw!R:R, Raw!J:J = A10, Raw!F:F = ""3v3"" ) ) ), 0 ) )"),649.0) -> 649
A11: =IFERROR(__xludf.DUMMYFUNCTION("""COMPUTED_VALUE"""),"Anbuu + Kesny + Malena") -> Anbuu + Kesny + Malena | B11: =IFERROR(__xludf.DUMMYFUNCTION("IF(A11="""","""", IFERROR( ROWS( UNIQUE( FILTER( Raw!A:A, Raw!J:J = A11, Raw!F:F = ""3v3"" ) ) ), 0 ) )"),2.0) -> 2 | C11: =IFERROR(__xludf.DUMMYFUNCTION("IF(A11="""","""", IFERROR( ROWS( UNIQUE( FILTER( Raw!A:A, Raw!J:J = A11, Raw!I:I = ""win"", Raw!F:F = ""3v3"" ) ) ), 0 ) )"),1.0) -> 1 | D11: =IFERROR(__xludf.DUMMYFUNCTION("IF(A11="""","""", IFERROR( ROWS( UNIQUE( FILTER( Raw!A:A, Raw!J:J = A11, Raw!I:I = ""loss"", Raw!F:F = ""3v3"" ) ) ), 0 ) )"),1.0) -> 1 | E11: 0.5 | F11: =IFERROR(__xludf.DUMMYFUNCTION("IF(A11="""","""", IFERROR( AVERAGE( UNIQUE( FILTER( Raw!N:N, Raw!J:J = A11, Raw!F:F = ""3v3"" ) ) ), 0 ) )"),9.0) -> 9 | G11: =IFERROR(__xludf.DUMMYFUNCTION("IF(A11="""","""", IFERROR( AVERAGE( UNIQUE( FILTER( Raw!R:R, Raw!J:J = A11, Raw!F:F = ""3v3"" ) ) ), 0 ) )"),707.0) -> 707
A12: =IFERROR(__xludf.DUMMYFUNCTION("""COMPUTED_VALUE"""),"Anbuu + Kesny + Tess1509") -> Anbuu + Kesny + Tess1509 | B12: =IFERROR(__xludf.DUMMYFUNCTION("IF(A12="""","""", IFERROR( ROWS( UNIQUE( FILTER( Raw!A:A, Raw!J:J = A12, Raw!F:F = ""3v3"" ) ) ), 0 ) )"),1.0) -> 1 | C12: =IFERROR(__xludf.DUMMYFUNCTION("IF(A12="""","""", IFERROR( ROWS( UNIQUE( FILTER( Raw!A:A, Raw!J:J = A12, Raw!I:I = ""win"", Raw!F:F = ""3v3"" ) ) ), 0 ) )"),0.0) -> 0 | D12: =IFERROR(__xludf.DUMMYFUNCTION("IF(A12="""","""", IFERROR( ROWS( UNIQUE( FILTER( Raw!A:A, Raw!J:J = A12, Raw!I:I = ""loss"", Raw!F:F = ""3v3"" ) ) ), 0 ) )"),1.0) -> 1 | E12: 0 | F12: =IFERROR(__xludf.DUMMYFUNCTION("IF(A12="""","""", IFERROR( AVERAGE( UNIQUE( FILTER( Raw!N:N, Raw!J:J = A12, Raw!F:F = ""3v3"" ) ) ), 0 ) )"),5.0) -> 5 | G12: =IFERROR(__xludf.DUMMYFUNCTION("IF(A12="""","""", IFERROR( AVERAGE( UNIQUE( FILTER( Raw!R:R, Raw!J:J = A12, Raw!F:F = ""3v3"" ) ) ), 0 ) )"),356.0) -> 356
A13: =IFERROR(__xludf.DUMMYFUNCTION("""COMPUTED_VALUE"""),"Anbuu + Kesny + ZeroO") -> Anbuu + Kesny + ZeroO | B13: =IFERROR(__xludf.DUMMYFUNCTION("IF(A13="""","""", IFERROR( ROWS( UNIQUE( FILTER( Raw!A:A, Raw!J:J = A13, Raw!F:F = ""3v3"" ) ) ), 0 ) )"),1.0) -> 1 | C13: =IFERROR(__xludf.DUMMYFUNCTION("IF(A13="""","""", IFERROR( ROWS( UNIQUE( FILTER( Raw!A:A, Raw!J:J = A13, Raw!I:I = ""win"", Raw!F:F = ""3v3"" ) ) ), 0 ) )"),1.0) -> 1 | D13: =IFERROR(__xludf.DUMMYFUNCTION("IF(A13="""","""", IFERROR( ROWS( UNIQUE( FILTER( Raw!A:A, Raw!J:J = A13, Raw!I:I = ""loss"", Raw!F:F = ""3v3"" ) ) ), 0 ) )"),0.0) -> 0 | E13: 1 | F13: =IFERROR(__xludf.DUMMYFUNCTION("IF(A13="""","""", IFERROR( AVERAGE( UNIQUE( FILTER( Raw!N:N, Raw!J:J = A13, Raw!F:F = ""3v3"" ) ) ), 0 ) )"),10.0) -> 10 | G13: =IFERROR(__xludf.DUMMYFUNCTION("IF(A13="""","""", IFERROR( AVERAGE( UNIQUE( FILTER( Raw!R:R, Raw!J:J = A13, Raw!F:F = ""3v3"" ) ) ), 0 ) )"),427.0) -> 427
A14: =IFERROR(__xludf.DUMMYFUNCTION("""COMPUTED_VALUE"""),"Anbuu + Malena + Nebus.") -> Anbuu + Malena + Nebus. | B14: =IFERROR(__xludf.DUMMYFUNCTION("IF(A14="""","""", IFERROR( ROWS( UNIQUE( FILTER( Raw!A:A, Raw!J:J = A14, Raw!F:F = ""3v3"" ) ) ), 0 ) )"),2.0) -> 2 | C14: =IFERROR(__xludf.DUMMYFUNCTION("IF(A14="""","""", IFERROR( ROWS( UNIQUE( FILTER( Raw!A:A, Raw!J:J = A14, Raw!I:I = ""win"", Raw!F:F = ""3v3"" ) ) ), 0 ) )"),2.0) -> 2 | D14: =IFERROR(__xludf.DUMMYFUNCTION("IF(A14="""","""", IFERROR( ROWS( UNIQUE( FILTER( Raw!A:A, Raw!J:J = A14, Raw!I:I = ""loss"", Raw!F:F = ""3v3"" ) ) ), 0 ) )"),0.0) -> 0 | E14: 1 | F14: =IFERROR(__xludf.DUMMYFUNCTION("IF(A14="""","""", IFERROR( AVERAGE( UNIQUE( FILTER( Raw!N:N, Raw!J:J = A14, Raw!F:F = ""3v3"" ) ) ), 0 ) )"),10.0) -> 10 | G14: =IFERROR(__xludf.DUMMYFUNCTION("IF(A14="""","""", IFERROR( AVERAGE( UNIQUE( FILTER( Raw!R:R, Raw!J:J = A14, Raw!F:F = ""3v3"" ) ) ), 0 ) )"),415.5) -> 415.5
A15: =IFERROR(__xludf.DUMMYFUNCTION("""COMPUTED_VALUE"""),"Anbuu + Malena + ZeroO") -> Anbuu + Malena + ZeroO | B15: =IFERROR(__xludf.DUMMYFUNCTION("IF(A15="""","""", IFERROR( ROWS( UNIQUE( FILTER( Raw!A:A, Raw!J:J = A15, Raw!F:F = ""3v3"" ) ) ), 0 ) )"),1.0) -> 1 | C15: =IFERROR(__xludf.DUMMYFUNCTION("IF(A15="""","""", IFERROR( ROWS( UNIQUE( FILTER( Raw!A:A, Raw!J:J = A15, Raw!I:I = ""win"", Raw!F:F = ""3v3"" ) ) ), 0 ) )"),1.0) -> 1 | D15: =IFERROR(__xludf.DUMMYFUNCTION("IF(A15="""","""", IFERROR( ROWS( UNIQUE( FILTER( Raw!A:A, Raw!J:J = A15, Raw!I:I = ""loss"", Raw!F:F = ""3v3"" ) ) ), 0 ) )"),0.0) -> 0 | E15: 1 | F15: =IFERROR(__xludf.DUMMYFUNCTION("IF(A15="""","""", IFERROR( AVERAGE( UNIQUE( FILTER( Raw!N:N, Raw!J:J = A15, Raw!F:F = ""3v3"" ) ) ), 0 ) )"),10.0) -> 10 | G15: =IFERROR(__xludf.DUMMYFUNCTION("IF(A15="""","""", IFERROR( AVERAGE( UNIQUE( FILTER( Raw!R:R, Raw!J:J = A15, Raw!F:F = ""3v3"" ) ) ), 0 ) )"),370.0) -> 370
A16: =IFERROR(__xludf.DUMMYFUNCTION("""COMPUTED_VALUE"""),"Anbuu + Nebus. + ZeroO") -> Anbuu + Nebus. + ZeroO | B16: =IFERROR(__xludf.DUMMYFUNCTION("IF(A16="""","""", IFERROR( ROWS( UNIQUE( FILTER( Raw!A:A, Raw!J:J = A16, Raw!F:F = ""3v3"" ) ) ), 0 ) )"),1.0) -> 1 | C16: =IFERROR(__xludf.DUMMYFUNCTION("IF(A16="""","""", IFERROR( ROWS( UNIQUE( FILTER( Raw!A:A, Raw!J:J = A16, Raw!I:I = ""win"", Raw!F:F = ""3v3"" ) ) ), 0 ) )"),1.0) -> 1 | D16: =IFERROR(__xludf.DUMMYFUNCTION("IF(A16="""","""", IFERROR( ROWS( UNIQUE( FILTER( Raw!A:A, Raw!J:J = A16, Raw!I:I = ""loss"", Raw!F:F = ""3v3"" ) ) ), 0 ) )"),0.0) -> 0 | E16: 1 | F16: =IFERROR(__xludf.DUMMYFUNCTION("IF(A16="""","""", IFERROR( AVERAGE( UNIQUE( FILTER( Raw!N:N, Raw!J:J = A16, Raw!F:F = ""3v3"" ) ) ), 0 ) )"),10.0) -> 10 | G16: =IFERROR(__xludf.DUMMYFUNCTION("IF(A16="""","""", IFERROR( AVERAGE( UNIQUE( FILTER( Raw!R:R, Raw!J:J = A16, Raw!F:F = ""3v3"" ) ) ), 0 ) )"),401.0) -> 401
A17: =IFERROR(__xludf.DUMMYFUNCTION("""COMPUTED_VALUE"""),"Anbuu + Troniix + ZeroO") -> Anbuu + Troniix + ZeroO | B17: =IFERROR(__xludf.DUMMYFUNCTION("IF(A17="""","""", IFERROR( ROWS( UNIQUE( FILTER( Raw!A:A, Raw!J:J = A17, Raw!F:F = ""3v3"" ) ) ), 0 ) )"),1.0) -> 1 | C17: =IFERROR(__xludf.DUMMYFUNCTION("IF(A17="""","""", IFERROR( ROWS( UNIQUE( FILTER( Raw!A:A, Raw!J:J = A17, Raw!I:I = ""win"", Raw!F:F = ""3v3"" ) ) ), 0 ) )"),0.0) -> 0 | D17: =IFERROR(__xludf.DUMMYFUNCTION("IF(A17="""","""", IFERROR( ROWS( UNIQUE( FILTER( Raw!A:A, Raw!J:J = A17, Raw!I:I = ""loss"", Raw!F:F = ""3v3"" ) ) ), 0 ) )"),1.0) -> 1 | E17: 0 | F17: =IFERROR(__xludf.DUMMYFUNCTION("IF(A17="""","""", IFERROR( AVERAGE( UNIQUE( FILTER( Raw!N:N, Raw!J:J = A17, Raw!F:F = ""3v3"" ) ) ), 0 ) )"),4.0) -> 4 | G17: =IFERROR(__xludf.DUMMYFUNCTION("IF(A17="""","""", IFERROR( AVERAGE( UNIQUE( FILTER( Raw!R:R, Raw!J:J = A17, Raw!F:F = ""3v3"" ) ) ), 0 ) )"),450.0) -> 450
A18: =IFERROR(__xludf.DUMMYFUNCTION("""COMPUTED_VALUE"""),"Kesny + Malena + Nebus.") -> Kesny + Malena + Nebus. | B18: =IFERROR(__xludf.DUMMYFUNCTION("IF(A18="""","""", IFERROR( ROWS( UNIQUE( FILTER( Raw!A:A, Raw!J:J = A18, Raw!F:F = ""3v3"" ) ) ), 0 ) )"),3.0) -> 3 | C18: =IFERROR(__xludf.DUMMYFUNCTION("IF(A18="""","""", IFERROR( ROWS( UNIQUE( FILTER( Raw!A:A, Raw!J:J = A18, Raw!I:I = ""win"", Raw!F:F = ""3v3"" ) ) ), 0 ) )"),2.0) -> 2 | D18: =IFERROR(__xludf.DUMMYFUNCTION("IF(A18="""","""", IFERROR( ROWS( UNIQUE( FILTER( Raw!A:A, Raw!J:J = A18, Raw!I:I = ""loss"", Raw!F:F = ""3v3"" ) ) ), 0 ) )"),1.0) -> 1 | E18: 0.66666667 | F18: =IFERROR(__xludf.DUMMYFUNCTION("IF(A18="""","""", IFERROR( AVERAGE( UNIQUE( FILTER( Raw!N:N, Raw!J:J = A18, Raw!F:F = ""3v3"" ) ) ), 0 ) )"),9.5) -> 9.5 | G18: =IFERROR(__xludf.DUMMYFUNCTION("IF(A18="""","""", IFERROR( AVERAGE( UNIQUE( FILTER( Raw!R:R, Raw!J:J = A18, Raw!F:F = ""3v3"" ) ) ), 0 ) )"),445.0) -> 445
A19: =IFERROR(__xludf.DUMMYFUNCTION("""COMPUTED_VALUE"""),"Kesny + Malena + Tess1509") -> Kesny + Malena + Tess1509 | B19: =IFERROR(__xludf.DUMMYFUNCTION("IF(A19="""","""", IFERROR( ROWS( UNIQUE( FILTER( Raw!A:A, Raw!J:J = A19, Raw!F:F = ""3v3"" ) ) ), 0 ) )"),4.0) -> 4 | C19: =IFERROR(__xludf.DUMMYFUNCTION("IF(A19="""","""", IFERROR( ROWS( UNIQUE( FILTER( Raw!A:A, Raw!J:J = A19, Raw!I:I = ""win"", Raw!F:F = ""3v3"" ) ) ), 0 ) )"),0.0) -> 0 | D19: =IFERROR(__xludf.DUMMYFUNCTION("IF(A19="""","""", IFERROR( ROWS( UNIQUE( FILTER( Raw!A:A, Raw!J:J = A19, Raw!I:I = ""loss"", Raw!F:F = ""3v3"" ) ) ), 0 ) )"),4.0) -> 4 | E19: 0 | F19: =IFERROR(__xludf.DUMMYFUNCTION("IF(A19="""","""", IFERROR( AVERAGE( UNIQUE( FILTER( Raw!N:N, Raw!J:J = A19, Raw!F:F = ""3v3"" ) ) ), 0 ) )"),7.5) -> 7.5 | G19: =IFERROR(__xludf.DUMMYFUNCTION("IF(A19="""","""", IFERROR( AVERAGE( UNIQUE( FILTER( Raw!R:R, Raw!J:J = A19, Raw!F:F = ""3v3"" ) ) ), 0 ) )"),429.5) -> 429.5
A20: =IFERROR(__xludf.DUMMYFUNCTION("""COMPUTED_VALUE"""),"Kesny + Nebus. + Tess1509") -> Kesny + Nebus. + Tess1509 | B20: =IFERROR(__xludf.DUMMYFUNCTION("IF(A20="""","""", IFERROR( ROWS( UNIQUE( FILTER( Raw!A:A, Raw!J:J = A20, Raw!F:F = ""3v3"" ) ) ), 0 ) )"),1.0) -> 1 | C20: =IFERROR(__xludf.DUMMYFUNCTION("IF(A20="""","""", IFERROR( ROWS( UNIQUE( FILTER( Raw!A:A, Raw!J:J = A20, Raw!I:I = ""win"", Raw!F:F = ""3v3"" ) ) ), 0 ) )"),0.0) -> 0 | D20: =IFERROR(__xludf.DUMMYFUNCTION("IF(A20="""","""", IFERROR( ROWS( UNIQUE( FILTER( Raw!A:A, Raw!J:J = A20, Raw!I:I = ""loss"", Raw!F:F = ""3v3"" ) ) ), 0 ) )"),1.0) -> 1 | E20: 0 | F20: =IFERROR(__xludf.DUMMYFUNCTION("IF(A20="""","""", IFERROR( AVERAGE( UNIQUE( FILTER( Raw!N:N, Raw!J:J = A20, Raw!F:F = ""3v3"" ) ) ), 0 ) )"),5.0) -> 5 | G20: =IFERROR(__xludf.DUMMYFUNCTION("IF(A20="""","""", IFERROR( AVERAGE( UNIQUE( FILTER( Raw!R:R, Raw!J:J = A20, Raw!F:F = ""3v3"" ) ) ), 0 ) )"),283.0) -> 283
A21: =IFERROR(__xludf.DUMMYFUNCTION("""COMPUTED_VALUE"""),"Kesny + Nebus. + Troniix") -> Kesny + Nebus. + Troniix | B21: =IFERROR(__xludf.DUMMYFUNCTION("IF(A21="""","""", IFERROR( ROWS( UNIQUE( FILTER( Raw!A:A, Raw!J:J = A21, Raw!F:F = ""3v3"" ) ) ), 0 ) )"),1.0) -> 1 | C21: =IFERROR(__xludf.DUMMYFUNCTION("IF(A21="""","""", IFERROR( ROWS( UNIQUE( FILTER( Raw!A:A, Raw!J:J = A21, Raw!I:I = ""win"", Raw!F:F = ""3v3"" ) ) ), 0 ) )"),0.0) -> 0 | D21: =IFERROR(__xludf.DUMMYFUNCTION("IF(A21="""","""", IFERROR( ROWS( UNIQUE( FILTER( Raw!A:A, Raw!J:J = A21, Raw!I:I = ""loss"", Raw!F:F = ""3v3"" ) ) ), 0 ) )"),1.0) -> 1 | E21: 0 | F21: =IFERROR(__xludf.DUMMYFUNCTION("IF(A21="""","""", IFERROR( AVERAGE( UNIQUE( FILTER( Raw!N:N, Raw!J:J = A21, Raw!F:F = ""3v3"" ) ) ), 0 ) )"),2.0) -> 2 | G21: =IFERROR(__xludf.DUMMYFUNCTION("IF(A21="""","""", IFERROR( AVERAGE( UNIQUE( FILTER( Raw!R:R, Raw!J:J = A21, Raw!F:F = ""3v3"" ) ) ), 0 ) )"),244.0) -> 244
A22: =IFERROR(__xludf.DUMMYFUNCTION("""COMPUTED_VALUE"""),"Kesny + Nebus. + ZeroO") -> Kesny + Nebus. + ZeroO | B22: =IFERROR(__xludf.DUMMYFUNCTION("IF(A22="""","""", IFERROR( ROWS( UNIQUE( FILTER( Raw!A:A, Raw!J:J = A22, Raw!F:F = ""3v3"" ) ) ), 0 ) )"),6.0) -> 6 | C22: =IFERROR(__xludf.DUMMYFUNCTION("IF(A22="""","""", IFERROR( ROWS( UNIQUE( FILTER( Raw!A:A, Raw!J:J = A22, Raw!I:I = ""win"", Raw!F:F = ""3v3"" ) ) ), 0 ) )"),5.0) -> 5 | D22: =IFERROR(__xludf.DUMMYFUNCTION("IF(A22="""","""", IFERROR( ROWS( UNIQUE( FILTER( Raw!A:A, Raw!J:J = A22, Raw!I:I = ""loss"", Raw!F:F = ""3v3"" ) ) ), 0 ) )"),1.0) -> 1 | E22: 0.83333333 | F22: =IFERROR(__xludf.DUMMYFUNCTION("IF(A22="""","""", IFERROR( AVERAGE( UNIQUE( FILTER( Raw!N:N, Raw!J:J = A22, Raw!F:F = ""3v3"" ) ) ), 0 ) )"),9.5) -> 9.5 | G22: =IFERROR(__xludf.DUMMYFUNCTION("IF(A22="""","""", IFERROR( AVERAGE( UNIQUE( FILTER( Raw!R:R, Raw!J:J = A22, Raw!F:F = ""3v3"" ) ) ), 0 ) )"),414.5) -> 414.5
A23: =IFERROR(__xludf.DUMMYFUNCTION("""COMPUTED_VALUE"""),"Kesny + Tess1509 + ZeroO") -> Kesny + Tess1509 + ZeroO | B23: =IFERROR(__xludf.DUMMYFUNCTION("IF(A23="""","""", IFERROR( ROWS( UNIQUE( FILTER( Raw!A:A, Raw!J:J = A23, Raw!F:F = ""3v3"" ) ) ), 0 ) )"),1.0) -> 1 | C23: =IFERROR(__xludf.DUMMYFUNCTION("IF(A23="""","""", IFERROR( ROWS( UNIQUE( FILTER( Raw!A:A, Raw!J:J = A23, Raw!I:I = ""win"", Raw!F:F = ""3v3"" ) ) ), 0 ) )"),0.0) -> 0 | D23: =IFERROR(__xludf.DUMMYFUNCTION("IF(A23="""","""", IFERROR( ROWS( UNIQUE( FILTER( Raw!A:A, Raw!J:J = A23, Raw!I:I = ""loss"", Raw!F:F = ""3v3"" ) ) ), 0 ) )"),1.0) -> 1 | E23: 0 | F23: =IFERROR(__xludf.DUMMYFUNCTION("IF(A23="""","""", IFERROR( AVERAGE( UNIQUE( FILTER( Raw!N:N, Raw!J:J = A23, Raw!F:F = ""3v3"" ) ) ), 0 ) )"),8.0) -> 8 | G23: =IFERROR(__xludf.DUMMYFUNCTION("IF(A23="""","""", IFERROR( AVERAGE( UNIQUE( FILTER( Raw!R:R, Raw!J:J = A23, Raw!F:F = ""3v3"" ) ) ), 0 ) )"),577.0) -> 577
A24: =IFERROR(__xludf.DUMMYFUNCTION("""COMPUTED_VALUE"""),"Kesny + Troniix + ZeroO") -> Kesny + Troniix + ZeroO | B24: =IFERROR(__xludf.DUMMYFUNCTION("IF(A24="""","""", IFERROR( ROWS( UNIQUE( FILTER( Raw!A:A, Raw!J:J = A24, Raw!F:F = ""3v3"" ) ) ), 0 ) )"),2.0) -> 2 | C24: =IFERROR(__xludf.DUMMYFUNCTION("IF(A24="""","""", IFERROR( ROWS( UNIQUE( FILTER( Raw!A:A, Raw!J:J = A24, Raw!I:I = ""win"", Raw!F:F = ""3v3"" ) ) ), 0 ) )"),0.0) -> 0 | D24: =IFERROR(__xludf.DUMMYFUNCTION("IF(A24="""","""", IFERROR( ROWS( UNIQUE( FILTER( Raw!A:A, Raw!J:J = A24, Raw!I:I = ""loss"", Raw!F:F = ""3v3"" ) ) ), 0 ) )"),2.0) -> 2 | E24: 0 | F24: =IFERROR(__xludf.DUMMYFUNCTION("IF(A24="""","""", IFERROR( AVERAGE( UNIQUE( FILTER( Raw!N:N, Raw!J:J = A24, Raw!F:F = ""3v3"" ) ) ), 0 ) )"),4.0) -> 4 | G24: =IFERROR(__xludf.DUMMYFUNCTION("IF(A24="""","""", IFERROR( AVERAGE( UNIQUE( FILTER( Raw!R:R, Raw!J:J = A24, Raw!F:F = ""3v3"" ) ) ), 0 ) )"),263.0) -> 263
A25: =IFERROR(__xludf.DUMMYFUNCTION("""COMPUTED_VALUE"""),"Malena + Nebus. + Tess1509") -> Malena + Nebus. + Tess1509 | B25: =IFERROR(__xludf.DUMMYFUNCTION("IF(A25="""","""", IFERROR( ROWS( UNIQUE( FILTER( Raw!A:A, Raw!J:J = A25, Raw!F:F = ""3v3"" ) ) ), 0 ) )"),5.0) -> 5 | C25: =IFERROR(__xludf.DUMMYFUNCTION("IF(A25="""","""", IFERROR( ROWS( UNIQUE( FILTER( Raw!A:A, Raw!J:J = A25, Raw!I:I = ""win"", Raw!F:F = ""3v3"" ) ) ), 0 ) )"),3.0) -> 3 | D25: =IFERROR(__xludf.DUMMYFUNCTION("IF(A25="""","""", IFERROR( ROWS( UNIQUE( FILTER( Raw!A:A, Raw!J:J = A25, Raw!I:I = ""loss"", Raw!F:F = ""3v3"" ) ) ), 0 ) )"),2.0) -> 2 | E25: 0.6 | F25: =IFERROR(__xludf.DUMMYFUNCTION("IF(A25="""","""", IFERROR( AVERAGE( UNIQUE( FILTER( Raw!N:N, Raw!J:J = A25, Raw!F:F = ""3v3"" ) ) ), 0 ) )"),9.0) -> 9 | G25: =IFERROR(__xludf.DUMMYFUNCTION("IF(A25="""","""", IFERROR( AVERAGE( UNIQUE( FILTER( Raw!R:R, Raw!J:J = A25, Raw!F:F = ""3v3"" ) ) ), 0 ) )"),519.0) -> 519
A26: =IFERROR(__xludf.DUMMYFUNCTION("""COMPUTED_VALUE"""),"Malena + Nebus. + Troniix") -> Malena + Nebus. + Troniix | B26: =IFERROR(__xludf.DUMMYFUNCTION("IF(A26="""","""", IFERROR( ROWS( UNIQUE( FILTER( Raw!A:A, Raw!J:J = A26, Raw!F:F = ""3v3"" ) ) ), 0 ) )"),1.0) -> 1 | C26: =IFERROR(__xludf.DUMMYFUNCTION("IF(A26="""","""", IFERROR( ROWS( UNIQUE( FILTER( Raw!A:A, Raw!J:J = A26, Raw!I:I = ""win"", Raw!F:F = ""3v3"" ) ) ), 0 ) )"),0.0) -> 0 | D26: =IFERROR(__xludf.DUMMYFUNCTION("IF(A26="""","""", IFERROR( ROWS( UNIQUE( FILTER( Raw!A:A, Raw!J:J = A26, Raw!I:I = ""loss"", Raw!F:F = ""3v3"" ) ) ), 0 ) )"),1.0) -> 1 | E26: 0 | F26: =IFERROR(__xludf.DUMMYFUNCTION("IF(A26="""","""", IFERROR( AVERAGE( UNIQUE( FILTER( Raw!N:N, Raw!J:J = A26, Raw!F:F = ""3v3"" ) ) ), 0 ) )"),3.0) -> 3 | G26: =IFERROR(__xludf.DUMMYFUNCTION("IF(A26="""","""", IFERROR( AVERAGE( UNIQUE( FILTER( Raw!R:R, Raw!J:J = A26, Raw!F:F = ""3v3"" ) ) ), 0 ) )"),330.0) -> 330
A27: =IFERROR(__xludf.DUMMYFUNCTION("""COMPUTED_VALUE"""),"Malena + Nebus. + ZeroO") -> Malena + Nebus. + ZeroO | B27: =IFERROR(__xludf.DUMMYFUNCTION("IF(A27="""","""", IFERROR( ROWS( UNIQUE( FILTER( Raw!A:A, Raw!J:J = A27, Raw!F:F = ""3v3"" ) ) ), 0 ) )"),1.0) -> 1 | C27: =IFERROR(__xludf.DUMMYFUNCTION("IF(A27="""","""", IFERROR( ROWS( UNIQUE( FILTER( Raw!A:A, Raw!J:J = A27, Raw!I:I = ""win"", Raw!F:F = ""3v3"" ) ) ), 0 ) )"),1.0) -> 1 | D27: =IFERROR(__xludf.DUMMYFUNCTION("IF(A27="""","""", IFERROR( ROWS( UNIQUE( FILTER( Raw!A:A, Raw!J:J = A27, Raw!I:I = ""loss"", Raw!F:F = ""3v3"" ) ) ), 0 ) )"),0.0) -> 0 | E27: 1 | F27: =IFERROR(__xludf.DUMMYFUNCTION("IF(A27="""","""", IFERROR( AVERAGE( UNIQUE( FILTER( Raw!N:N, Raw!J:J = A27, Raw!F:F = ""3v3"" ) ) ), 0 ) )"),10.0) -> 10 | G27: =IFERROR(__xludf.DUMMYFUNCTION("IF(A27="""","""", IFERROR( AVERAGE( UNIQUE( FILTER( Raw!R:R, Raw!J:J = A27, Raw!F:F = ""3v3"" ) ) ), 0 ) )"),409.0) -> 409
A28: =IFERROR(__xludf.DUMMYFUNCTION("""COMPUTED_VALUE"""),"Malena + Tess1509 + ZeroO") -> Malena + Tess1509 + ZeroO | B28: =IFERROR(__xludf.DUMMYFUNCTION("IF(A28="""","""", IFERROR( ROWS( UNIQUE( FILTER( Raw!A:A, Raw!J:J = A28, Raw!F:F = ""3v3"" ) ) ), 0 ) )"),1.0) -> 1 | C28: =IFERROR(__xludf.DUMMYFUNCTION("IF(A28="""","""", IFERROR( ROWS( UNIQUE( FILTER( Raw!A:A, Raw!J:J = A28, Raw!I:I = ""win"", Raw!F:F = ""3v3"" ) ) ), 0 ) )"),0.0) -> 0 | D28: =IFERROR(__xludf.DUMMYFUNCTION("IF(A28="""","""", IFERROR( ROWS( UNIQUE( FILTER( Raw!A:A, Raw!J:J = A28, Raw!I:I = ""loss"", Raw!F:F = ""3v3"" ) ) ), 0 ) )"),1.0) -> 1 | E28: 0 | F28: =IFERROR(__xludf.DUMMYFUNCTION("IF(A28="""","""", IFERROR( AVERAGE( UNIQUE( FILTER( Raw!N:N, Raw!J:J = A28, Raw!F:F = ""3v3"" ) ) ), 0 ) )"),9.0) -> 9 | G28: =IFERROR(__xludf.DUMMYFUNCTION("IF(A28="""","""", IFERROR( AVERAGE( UNIQUE( FILTER( Raw!R:R, Raw!J:J = A28, Raw!F:F = ""3v3"" ) ) ), 0 ) )"),423.0) -> 423
A29: =IFERROR(__xludf.DUMMYFUNCTION("""COMPUTED_VALUE"""),"Nebus. + Tess1509 + ZeroO") -> Nebus. + Tess1509 + ZeroO | B29: =IFERROR(__xludf.DUMMYFUNCTION("IF(A29="""","""", IFERROR( ROWS( UNIQUE( FILTER( Raw!A:A, Raw!J:J = A29, Raw!F:F = ""3v3"" ) ) ), 0 ) )"),4.0) -> 4 | C29: =IFERROR(__xludf.DUMMYFUNCTION("IF(A29="""","""", IFERROR( ROWS( UNIQUE( FILTER( Raw!A:A, Raw!J:J = A29, Raw!I:I = ""win"", Raw!F:F = ""3v3"" ) ) ), 0 ) )"),3.0) -> 3 | D29: =IFERROR(__xludf.DUMMYFUNCTION("IF(A29="""","""", IFERROR( ROWS( UNIQUE( FILTER( Raw!A:A, Raw!J:J = A29, Raw!I:I = ""loss"", Raw!F:F = ""3v3"" ) ) ), 0 ) )"),1.0) -> 1 | E29: 0.75 | F29: =IFERROR(__xludf.DUMMYFUNCTION("IF(A29="""","""", IFERROR( AVERAGE( UNIQUE( FILTER( Raw!N:N, Raw!J:J = A29, Raw!F:F = ""3v3"" ) ) ), 0 ) )"),9.0) -> 9 | G29: =IFERROR(__xludf.DUMMYFUNCTION("IF(A29="""","""", IFERROR( AVERAGE( UNIQUE( FILTER( Raw!R:R, Raw!J:J = A29, Raw!F:F = ""3v3"" ) ) ), 0 ) )"),566.25) -> 566.25
B30: =IFERROR(__xludf.DUMMYFUNCTION("IF(A30="""","""", IFERROR( ROWS( UNIQUE( FILTER( Raw!A:A, Raw!J:J = A30, Raw!F:F = ""3v3"" ) ) ), 0 ) )"),"") | C30: =IFERROR(__xludf.DUMMYFUNCTION("IF(A30="""","""", IFERROR( ROWS( UNIQUE( FILTER( Raw!A:A, Raw!J:J = A30, Raw!I:I = ""win"", Raw!F:F = ""3v3"" ) ) ), 0 ) )"),"") | D30: =IFERROR(__xludf.DUMMYFUNCTION("IF(A30="""","""", IFERROR( ROWS( UNIQUE( FILTER( Raw!A:A, Raw!J:J = A30, Raw!I:I = ""loss"", Raw!F:F = ""3v3"" ) ) ), 0 ) )"),"") | F30: =IFERROR(__xludf.DUMMYFUNCTION("IF(A30="""","""", IFERROR( AVERAGE( UNIQUE( FILTER( Raw!N:N, Raw!J:J = A30, Raw!F:F = ""3v3"" ) ) ), 0 ) )"),"") | G30: =IFERROR(__xludf.DUMMYFUNCTION("IF(A30="""","""", IFERROR( AVERAGE( UNIQUE( FILTER( Raw!R:R, Raw!J:J = A30, Raw!F:F = ""3v3"" ) ) ), 0 ) )"),"")
B31: =IFERROR(__xludf.DUMMYFUNCTION("IF(A31="""","""", IFERROR( ROWS( UNIQUE( FILTER( Raw!A:A, Raw!J:J = A31, Raw!F:F = ""3v3"" ) ) ), 0 ) )"),"") | C31: =IFERROR(__xludf.DUMMYFUNCTION("IF(A31="""","""", IFERROR( ROWS( UNIQUE( FILTER( Raw!A:A, Raw!J:J = A31, Raw!I:I = ""win"", Raw!F:F = ""3v3"" ) ) ), 0 ) )"),"") | D31: =IFERROR(__xludf.DUMMYFUNCTION("IF(A31="""","""", IFERROR( ROWS( UNIQUE( FILTER( Raw!A:A, Raw!J:J = A31, Raw!I:I = ""loss"", Raw!F:F = ""3v3"" ) ) ), 0 ) )"),"") | F31: =IFERROR(__xludf.DUMMYFUNCTION("IF(A31="""","""", IFERROR( AVERAGE( UNIQUE( FILTER( Raw!N:N, Raw!J:J = A31, Raw!F:F = ""3v3"" ) ) ), 0 ) )"),"") | G31: =IFERROR(__xludf.DUMMYFUNCTION("IF(A31="""","""", IFERROR( AVERAGE( UNIQUE( FILTER( Raw!R:R, Raw!J:J = A31, Raw!F:F = ""3v3"" ) ) ), 0 ) )"),"")
B32: =IFERROR(__xludf.DUMMYFUNCTION("IF(A32="""","""", IFERROR( ROWS( UNIQUE( FILTER( Raw!A:A, Raw!J:J = A32, Raw!F:F = ""3v3"" ) ) ), 0 ) )"),"") | C32: =IFERROR(__xludf.DUMMYFUNCTION("IF(A32="""","""", IFERROR( ROWS( UNIQUE( FILTER( Raw!A:A, Raw!J:J = A32, Raw!I:I = ""win"", Raw!F:F = ""3v3"" ) ) ), 0 ) )"),"") | D32: =IFERROR(__xludf.DUMMYFUNCTION("IF(A32="""","""", IFERROR( ROWS( UNIQUE( FILTER( Raw!A:A, Raw!J:J = A32, Raw!I:I = ""loss"", Raw!F:F = ""3v3"" ) ) ), 0 ) )"),"") | F32: =IFERROR(__xludf.DUMMYFUNCTION("IF(A32="""","""", IFERROR( AVERAGE( UNIQUE( FILTER( Raw!N:N, Raw!J:J = A32, Raw!F:F = ""3v3"" ) ) ), 0 ) )"),"") | G32: =IFERROR(__xludf.DUMMYFUNCTION("IF(A32="""","""", IFERROR( AVERAGE( UNIQUE( FILTER( Raw!R:R, Raw!J:J = A32, Raw!F:F = ""3v3"" ) ) ), 0 ) )"),"")
B33: =IFERROR(__xludf.DUMMYFUNCTION("IF(A33="""","""", IFERROR( ROWS( UNIQUE( FILTER( Raw!A:A, Raw!J:J = A33, Raw!F:F = ""3v3"" ) ) ), 0 ) )"),"") | C33: =IFERROR(__xludf.DUMMYFUNCTION("IF(A33="""","""", IFERROR( ROWS( UNIQUE( FILTER( Raw!A:A, Raw!J:J = A33, Raw!I:I = ""win"", Raw!F:F = ""3v3"" ) ) ), 0 ) )"),"") | D33: =IFERROR(__xludf.DUMMYFUNCTION("IF(A33="""","""", IFERROR( ROWS( UNIQUE( FILTER( Raw!A:A, Raw!J:J = A33, Raw!I:I = ""loss"", Raw!F:F = ""3v3"" ) ) ), 0 ) )"),"") | F33: =IFERROR(__xludf.DUMMYFUNCTION("IF(A33="""","""", IFERROR( AVERAGE( UNIQUE( FILTER( Raw!N:N, Raw!J:J = A33, Raw!F:F = ""3v3"" ) ) ), 0 ) )"),"") | G33: =IFERROR(__xludf.DUMMYFUNCTION("IF(A33="""","""", IFERROR( AVERAGE( UNIQUE( FILTER( Raw!R:R, Raw!J:J = A33, Raw!F:F = ""3v3"" ) ) ), 0 ) )"),"")
B34: =IFERROR(__xludf.DUMMYFUNCTION("IF(A34="""","""", IFERROR( ROWS( UNIQUE( FILTER( Raw!A:A, Raw!J:J = A34, Raw!F:F = ""3v3"" ) ) ), 0 ) )"),"") | C34: =IFERROR(__xludf.DUMMYFUNCTION("IF(A34="""","""", IFERROR( ROWS( UNIQUE( FILTER( Raw!A:A, Raw!J:J = A34, Raw!I:I = ""win"", Raw!F:F = ""3v3"" ) ) ), 0 ) )"),"") | D34: =IFERROR(__xludf.DUMMYFUNCTION("IF(A34="""","""", IFERROR( ROWS( UNIQUE( FILTER( Raw!A:A, Raw!J:J = A34, Raw!I:I = ""loss"", Raw!F:F = ""3v3"" ) ) ), 0 ) )"),"") | F34: =IFERROR(__xludf.DUMMYFUNCTION("IF(A34="""","""", IFERROR( AVERAGE( UNIQUE( FILTER( Raw!N:N, Raw!J:J = A34, Raw!F:F = ""3v3"" ) ) ), 0 ) )"),"") | G34: =IFERROR(__xludf.DUMMYFUNCTION("IF(A34="""","""", IFERROR( AVERAGE( UNIQUE( FILTER( Raw!R:R, Raw!J:J = A34, Raw!F:F = ""3v3"" ) ) ), 0 ) )"),"")
B35: =IFERROR(__xludf.DUMMYFUNCTION("IF(A35="""","""", IFERROR( ROWS( UNIQUE( FILTER( Raw!A:A, Raw!J:J = A35, Raw!F:F = ""3v3"" ) ) ), 0 ) )"),"") | C35: =IFERROR(__xludf.DUMMYFUNCTION("IF(A35="""","""", IFERROR( ROWS( UNIQUE( FILTER( Raw!A:A, Raw!J:J = A35, Raw!I:I = ""win"", Raw!F:F = ""3v3"" ) ) ), 0 ) )"),"") | D35: =IFERROR(__xludf.DUMMYFUNCTION("IF(A35="""","""", IFERROR( ROWS( UNIQUE( FILTER( Raw!A:A, Raw!J:J = A35, Raw!I:I = ""loss"", Raw!F:F = ""3v3"" ) ) ), 0 ) )"),"") | F35: =IFERROR(__xludf.DUMMYFUNCTION("IF(A35="""","""", IFERROR( AVERAGE( UNIQUE( FILTER( Raw!N:N, Raw!J:J = A35, Raw!F:F = ""3v3"" ) ) ), 0 ) )"),"") | G35: =IFERROR(__xludf.DUMMYFUNCTION("IF(A35="""","""", IFERROR( AVERAGE( UNIQUE( FILTER( Raw!R:R, Raw!J:J = A35, Raw!F:F = ""3v3"" ) ) ), 0 ) )"),"")
B36: =IFERROR(__xludf.DUMMYFUNCTION("IF(A36="""","""", IFERROR( ROWS( UNIQUE( FILTER( Raw!A:A, Raw!J:J = A36, Raw!F:F = ""3v3"" ) ) ), 0 ) )"),"") | C36: =IFERROR(__xludf.DUMMYFUNCTION("IF(A36="""","""", IFERROR( ROWS( UNIQUE( FILTER( Raw!A:A, Raw!J:J = A36, Raw!I:I = ""win"", Raw!F:F = ""3v3"" ) ) ), 0 ) )"),"") | D36: =IFERROR(__xludf.DUMMYFUNCTION("IF(A36="""","""", IFERROR( ROWS( UNIQUE( FILTER( Raw!A:A, Raw!J:J = A36, Raw!I:I = ""loss"", Raw!F:F = ""3v3"" ) ) ), 0 ) )"),"") | F36: =IFERROR(__xludf.DUMMYFUNCTION("IF(A36="""","""", IFERROR( AVERAGE( UNIQUE( FILTER( Raw!N:N, Raw!J:J = A36, Raw!F:F = ""3v3"" ) ) ), 0 ) )"),"") | G36: =IFERROR(__xludf.DUMMYFUNCTION("IF(A36="""","""", IFERROR( AVERAGE( UNIQUE( FILTER( Raw!R:R, Raw!J:J = A36, Raw!F:F = ""3v3"" ) ) ), 0 ) )"),"")
B37: =IFERROR(__xludf.DUMMYFUNCTION("IF(A37="""","""", IFERROR( ROWS( UNIQUE( FILTER( Raw!A:A, Raw!J:J = A37, Raw!F:F = ""3v3"" ) ) ), 0 ) )"),"") | C37: =IFERROR(__xludf.DUMMYFUNCTION("IF(A37="""","""", IFERROR( ROWS( UNIQUE( FILTER( Raw!A:A, Raw!J:J = A37, Raw!I:I = ""win"", Raw!F:F = ""3v3"" ) ) ), 0 ) )"),"") | D37: =IFERROR(__xludf.DUMMYFUNCTION("IF(A37="""","""", IFERROR( ROWS( UNIQUE( FILTER( Raw!A:A, Raw!J:J = A37, Raw!I:I = ""loss"", Raw!F:F = ""3v3"" ) ) ), 0 ) )"),"") | F37: =IFERROR(__xludf.DUMMYFUNCTION("IF(A37="""","""", IFERROR( AVERAGE( UNIQUE( FILTER( Raw!N:N, Raw!J:J = A37, Raw!F:F = ""3v3"" ) ) ), 0 ) )"),"") | G37: =IFERROR(__xludf.DUMMYFUNCTION("IF(A37="""","""", IFERROR( AVERAGE( UNIQUE( FILTER( Raw!R:R, Raw!J:J = A37, Raw!F:F = ""3v3"" ) ) ), 0 ) )"),"")
B38: =IFERROR(__xludf.DUMMYFUNCTION("IF(A38="""","""", IFERROR( ROWS( UNIQUE( FILTER( Raw!A:A, Raw!J:J = A38, Raw!F:F = ""3v3"" ) ) ), 0 ) )"),"") | C38: =IFERROR(__xludf.DUMMYFUNCTION("IF(A38="""","""", IFERROR( ROWS( UNIQUE( FILTER( Raw!A:A, Raw!J:J = A38, Raw!I:I = ""win"", Raw!F:F = ""3v3"" ) ) ), 0 ) )"),"") | D38: =IFERROR(__xludf.DUMMYFUNCTION("IF(A38="""","""", IFERROR( ROWS( UNIQUE( FILTER( Raw!A:A, Raw!J:J = A38, Raw!I:I = ""loss"", Raw!F:F = ""3v3"" ) ) ), 0 ) )"),"") | F38: =IFERROR(__xludf.DUMMYFUNCTION("IF(A38="""","""", IFERROR( AVERAGE( UNIQUE( FILTER( Raw!N:N, Raw!J:J = A38, Raw!F:F = ""3v3"" ) ) ), 0 ) )"),"") | G38: =IFERROR(__xludf.DUMMYFUNCTION("IF(A38="""","""", IFERROR( AVERAGE( UNIQUE( FILTER( Raw!R:R, Raw!J:J = A38, Raw!F:F = ""3v3"" ) ) ), 0 ) )"),"")
B39: =IFERROR(__xludf.DUMMYFUNCTION("IF(A39="""","""", IFERROR( ROWS( UNIQUE( FILTER( Raw!A:A, Raw!J:J = A39, Raw!F:F = ""3v3"" ) ) ), 0 ) )"),"") | C39: =IFERROR(__xludf.DUMMYFUNCTION("IF(A39="""","""", IFERROR( ROWS( UNIQUE( FILTER( Raw!A:A, Raw!J:J = A39, Raw!I:I = ""win"", Raw!F:F = ""3v3"" ) ) ), 0 ) )"),"") | D39: =IFERROR(__xludf.DUMMYFUNCTION("IF(A39="""","""", IFERROR( ROWS( UNIQUE( FILTER( Raw!A:A, Raw!J:J = A39, Raw!I:I = ""loss"", Raw!F:F = ""3v3"" ) ) ), 0 ) )"),"") | F39: =IFERROR(__xludf.DUMMYFUNCTION("IF(A39="""","""", IFERROR( AVERAGE( UNIQUE( FILTER( Raw!N:N, Raw!J:J = A39, Raw!F:F = ""3v3"" ) ) ), 0 ) )"),"") | G39: =IFERROR(__xludf.DUMMYFUNCTION("IF(A39="""","""", IFERROR( AVERAGE( UNIQUE( FILTER( Raw!R:R, Raw!J:J = A39, Raw!F:F = ""3v3"" ) ) ), 0 ) )"),"")
B40: =IFERROR(__xludf.DUMMYFUNCTION("IF(A40="""","""", IFERROR( ROWS( UNIQUE( FILTER( Raw!A:A, Raw!J:J = A40, Raw!F:F = ""3v3"" ) ) ), 0 ) )"),"") | C40: =IFERROR(__xludf.DUMMYFUNCTION("IF(A40="""","""", IFERROR( ROWS( UNIQUE( FILTER( Raw!A:A, Raw!J:J = A40, Raw!I:I = ""win"", Raw!F:F = ""3v3"" ) ) ), 0 ) )"),"") | D40: =IFERROR(__xludf.DUMMYFUNCTION("IF(A40="""","""", IFERROR( ROWS( UNIQUE( FILTER( Raw!A:A, Raw!J:J = A40, Raw!I:I = ""loss"", Raw!F:F = ""3v3"" ) ) ), 0 ) )"),"") | F40: =IFERROR(__xludf.DUMMYFUNCTION("IF(A40="""","""", IFERROR( AVERAGE( UNIQUE( FILTER( Raw!N:N, Raw!J:J = A40, Raw!F:F = ""3v3"" ) ) ), 0 ) )"),"") | G40: =IFERROR(__xludf.DUMMYFUNCTION("IF(A40="""","""", IFERROR( AVERAGE( UNIQUE( FILTER( Raw!R:R, Raw!J:J = A40, Raw!F:F = ""3v3"" ) ) ), 0 ) )"),"")
B41: =IFERROR(__xludf.DUMMYFUNCTION("IF(A41="""","""", IFERROR( ROWS( UNIQUE( FILTER( Raw!A:A, Raw!J:J = A41, Raw!F:F = ""3v3"" ) ) ), 0 ) )"),"") | C41: =IFERROR(__xludf.DUMMYFUNCTION("IF(A41="""","""", IFERROR( ROWS( UNIQUE( FILTER( Raw!A:A, Raw!J:J = A41, Raw!I:I = ""win"", Raw!F:F = ""3v3"" ) ) ), 0 ) )"),"") | D41: =IFERROR(__xludf.DUMMYFUNCTION("IF(A41="""","""", IFERROR( ROWS( UNIQUE( FILTER( Raw!A:A, Raw!J:J = A41, Raw!I:I = ""loss"", Raw!F:F = ""3v3"" ) ) ), 0 ) )"),"") | F41: =IFERROR(__xludf.DUMMYFUNCTION("IF(A41="""","""", IFERROR( AVERAGE( UNIQUE( FILTER( Raw!N:N, Raw!J:J = A41, Raw!F:F = ""3v3"" ) ) ), 0 ) )"),"") | G41: =IFERROR(__xludf.DUMMYFUNCTION("IF(A41="""","""", IFERROR( AVERAGE( UNIQUE( FILTER( Raw!R:R, Raw!J:J = A41, Raw!F:F = ""3v3"" ) ) ), 0 ) )"),"")
B42: =IFERROR(__xludf.DUMMYFUNCTION("IF(A42="""","""", IFERROR( ROWS( UNIQUE( FILTER( Raw!A:A, Raw!J:J = A42, Raw!F:F = ""3v3"" ) ) ), 0 ) )"),"") | C42: =IFERROR(__xludf.DUMMYFUNCTION("IF(A42="""","""", IFERROR( ROWS( UNIQUE( FILTER( Raw!A:A, Raw!J:J = A42, Raw!I:I = ""win"", Raw!F:F = ""3v3"" ) ) ), 0 ) )"),"") | D42: =IFERROR(__xludf.DUMMYFUNCTION("IF(A42="""","""", IFERROR( ROWS( UNIQUE( FILTER( Raw!A:A, Raw!J:J = A42, Raw!I:I = ""loss"", Raw!F:F = ""3v3"" ) ) ), 0 ) )"),"") | F42: =IFERROR(__xludf.DUMMYFUNCTION("IF(A42="""","""", IFERROR( AVERAGE( UNIQUE( FILTER( Raw!N:N, Raw!J:J = A42, Raw!F:F = ""3v3"" ) ) ), 0 ) )"),"") | G42: =IFERROR(__xludf.DUMMYFUNCTION("IF(A42="""","""", IFERROR( AVERAGE( UNIQUE( FILTER( Raw!R:R, Raw!J:J = A42, Raw!F:F = ""3v3"" ) ) ), 0 ) )"),"")
B43: =IFERROR(__xludf.DUMMYFUNCTION("IF(A43="""","""", IFERROR( ROWS( UNIQUE( FILTER( Raw!A:A, Raw!J:J = A43, Raw!F:F = ""3v3"" ) ) ), 0 ) )"),"") | C43: =IFERROR(__xludf.DUMMYFUNCTION("IF(A43="""","""", IFERROR( ROWS( UNIQUE( FILTER( Raw!A:A, Raw!J:J = A43, Raw!I:I = ""win"", Raw!F:F = ""3v3"" ) ) ), 0 ) )"),"") | D43: =IFERROR(__xludf.DUMMYFUNCTION("IF(A43="""","""", IFERROR( ROWS( UNIQUE( FILTER( Raw!A:A, Raw!J:J = A43, Raw!I:I = ""loss"", Raw!F:F = ""3v3"" ) ) ), 0 ) )"),"") | F43: =IFERROR(__xludf.DUMMYFUNCTION("IF(A43="""","""", IFERROR( AVERAGE( UNIQUE( FILTER( Raw!N:N, Raw!J:J = A43, Raw!F:F = ""3v3"" ) ) ), 0 ) )"),"") | G43: =IFERROR(__xludf.DUMMYFUNCTION("IF(A43="""","""", IFERROR( AVERAGE( UNIQUE( FILTER( Raw!R:R, Raw!J:J = A43, Raw!F:F = ""3v3"" ) ) ), 0 ) )"),"")
B44: =IFERROR(__xludf.DUMMYFUNCTION("IF(A44="""","""", IFERROR( ROWS( UNIQUE( FILTER( Raw!A:A, Raw!J:J = A44, Raw!F:F = ""3v3"" ) ) ), 0 ) )"),"") | C44: =IFERROR(__xludf.DUMMYFUNCTION("IF(A44="""","""", IFERROR( ROWS( UNIQUE( FILTER( Raw!A:A, Raw!J:J = A44, Raw!I:I = ""win"", Raw!F:F = ""3v3"" ) ) ), 0 ) )"),"") | D44: =IFERROR(__xludf.DUMMYFUNCTION("IF(A44="""","""", IFERROR( ROWS( UNIQUE( FILTER( Raw!A:A, Raw!J:J = A44, Raw!I:I = ""loss"", Raw!F:F = ""3v3"" ) ) ), 0 ) )"),"") | F44: =IFERROR(__xludf.DUMMYFUNCTION("IF(A44="""","""", IFERROR( AVERAGE( UNIQUE( FILTER( Raw!N:N, Raw!J:J = A44, Raw!F:F = ""3v3"" ) ) ), 0 ) )"),"") | G44: =IFERROR(__xludf.DUMMYFUNCTION("IF(A44="""","""", IFERROR( AVERAGE( UNIQUE( FILTER( Raw!R:R, Raw!J:J = A44, Raw!F:F = ""3v3"" ) ) ), 0 ) )"),"")
B45: =IFERROR(__xludf.DUMMYFUNCTION("IF(A45="""","""", IFERROR( ROWS( UNIQUE( FILTER( Raw!A:A, Raw!J:J = A45, Raw!F:F = ""3v3"" ) ) ), 0 ) )"),"") | C45: =IFERROR(__xludf.DUMMYFUNCTION("IF(A45="""","""", IFERROR( ROWS( UNIQUE( FILTER( Raw!A:A, Raw!J:J = A45, Raw!I:I = ""win"", Raw!F:F = ""3v3"" ) ) ), 0 ) )"),"") | D45: =IFERROR(__xludf.DUMMYFUNCTION("IF(A45="""","""", IFERROR( ROWS( UNIQUE( FILTER( Raw!A:A, Raw!J:J = A45, Raw!I:I = ""loss"", Raw!F:F = ""3v3"" ) ) ), 0 ) )"),"") | F45: =IFERROR(__xludf.DUMMYFUNCTION("IF(A45="""","""", IFERROR( AVERAGE( UNIQUE( FILTER( Raw!N:N, Raw!J:J = A45, Raw!F:F = ""3v3"" ) ) ), 0 ) )"),"") | G45: =IFERROR(__xludf.DUMMYFUNCTION("IF(A45="""","""", IFERROR( AVERAGE( UNIQUE( FILTER( Raw!R:R, Raw!J:J = A45, Raw!F:F = ""3v3"" ) ) ), 0 ) )"),"")
B46: =IFERROR(__xludf.DUMMYFUNCTION("IF(A46="""","""", IFERROR( ROWS( UNIQUE( FILTER( Raw!A:A, Raw!J:J = A46, Raw!F:F = ""3v3"" ) ) ), 0 ) )"),"") | C46: =IFERROR(__xludf.DUMMYFUNCTION("IF(A46="""","""", IFERROR( ROWS( UNIQUE( FILTER( Raw!A:A, Raw!J:J = A46, Raw!I:I = ""win"", Raw!F:F = ""3v3"" ) ) ), 0 ) )"),"") | D46: =IFERROR(__xludf.DUMMYFUNCTION("IF(A46="""","""", IFERROR( ROWS( UNIQUE( FILTER( Raw!A:A, Raw!J:J = A46, Raw!I:I = ""loss"", Raw!F:F = ""3v3"" ) ) ), 0 ) )"),"") | F46: =IFERROR(__xludf.DUMMYFUNCTION("IF(A46="""","""", IFERROR( AVERAGE( UNIQUE( FILTER( Raw!N:N, Raw!J:J = A46, Raw!F:F = ""3v3"" ) ) ), 0 ) )"),"") | G46: =IFERROR(__xludf.DUMMYFUNCTION("IF(A46="""","""", IFERROR( AVERAGE( UNIQUE( FILTER( Raw!R:R, Raw!J:J = A46, Raw!F:F = ""3v3"" ) ) ), 0 ) )"),"")
B47: =IFERROR(__xludf.DUMMYFUNCTION("IF(A47="""","""", IFERROR( ROWS( UNIQUE( FILTER( Raw!A:A, Raw!J:J = A47, Raw!F:F = ""3v3"" ) ) ), 0 ) )"),"") | C47: =IFERROR(__xludf.DUMMYFUNCTION("IF(A47="""","""", IFERROR( ROWS( UNIQUE( FILTER( Raw!A:A, Raw!J:J = A47, Raw!I:I = ""win"", Raw!F:F = ""3v3"" ) ) ), 0 ) )"),"") | D47: =IFERROR(__xludf.DUMMYFUNCTION("IF(A47="""","""", IFERROR( ROWS( UNIQUE( FILTER( Raw!A:A, Raw!J:J = A47, Raw!I:I = ""loss"", Raw!F:F = ""3v3"" ) ) ), 0 ) )"),"") | F47: =IFERROR(__xludf.DUMMYFUNCTION("IF(A47="""","""", IFERROR( AVERAGE( UNIQUE( FILTER( Raw!N:N, Raw!J:J = A47, Raw!F:F = ""3v3"" ) ) ), 0 ) )"),"") | G47: =IFERROR(__xludf.DUMMYFUNCTION("IF(A47="""","""", IFERROR( AVERAGE( UNIQUE( FILTER( Raw!R:R, Raw!J:J = A47, Raw!F:F = ""3v3"" ) ) ), 0 ) )"),"")
B48: =IFERROR(__xludf.DUMMYFUNCTION("IF(A48="""","""", IFERROR( ROWS( UNIQUE( FILTER( Raw!A:A, Raw!J:J = A48, Raw!F:F = ""3v3"" ) ) ), 0 ) )"),"") | C48: =IFERROR(__xludf.DUMMYFUNCTION("IF(A48="""","""", IFERROR( ROWS( UNIQUE( FILTER( Raw!A:A, Raw!J:J = A48, Raw!I:I = ""win"", Raw!F:F = ""3v3"" ) ) ), 0 ) )"),"") | D48: =IFERROR(__xludf.DUMMYFUNCTION("IF(A48="""","""", IFERROR( ROWS( UNIQUE( FILTER( Raw!A:A, Raw!J:J = A48, Raw!I:I = ""loss"", Raw!F:F = ""3v3"" ) ) ), 0 ) )"),"") | F48: =IFERROR(__xludf.DUMMYFUNCTION("IF(A48="""","""", IFERROR( AVERAGE( UNIQUE( FILTER( Raw!N:N, Raw!J:J = A48, Raw!F:F = ""3v3"" ) ) ), 0 ) )"),"") | G48: =IFERROR(__xludf.DUMMYFUNCTION("IF(A48="""","""", IFERROR( AVERAGE( UNIQUE( FILTER( Raw!R:R, Raw!J:J = A48, Raw!F:F = ""3v3"" ) ) ), 0 ) )"),"")
B49: =IFERROR(__xludf.DUMMYFUNCTION("IF(A49="""","""", IFERROR( ROWS( UNIQUE( FILTER( Raw!A:A, Raw!J:J = A49, Raw!F:F = ""3v3"" ) ) ), 0 ) )"),"") | C49: =IFERROR(__xludf.DUMMYFUNCTION("IF(A49="""","""", IFERROR( ROWS( UNIQUE( FILTER( Raw!A:A, Raw!J:J = A49, Raw!I:I = ""win"", Raw!F:F = ""3v3"" ) ) ), 0 ) )"),"") | D49: =IFERROR(__xludf.DUMMYFUNCTION("IF(A49="""","""", IFERROR( ROWS( UNIQUE( FILTER( Raw!A:A, Raw!J:J = A49, Raw!I:I = ""loss"", Raw!F:F = ""3v3"" ) ) ), 0 ) )"),"") | F49: =IFERROR(__xludf.DUMMYFUNCTION("IF(A49="""","""", IFERROR( AVERAGE( UNIQUE( FILTER( Raw!N:N, Raw!J:J = A49, Raw!F:F = ""3v3"" ) ) ), 0 ) )"),"") | G49: =IFERROR(__xludf.DUMMYFUNCTION("IF(A49="""","""", IFERROR( AVERAGE( UNIQUE( FILTER( Raw!R:R, Raw!J:J = A49, Raw!F:F = ""3v3"" ) ) ), 0 ) )"),"")
B50: =IFERROR(__xludf.DUMMYFUNCTION("IF(A50="""","""", IFERROR( ROWS( UNIQUE( FILTER( Raw!A:A, Raw!J:J = A50, Raw!F:F = ""3v3"" ) ) ), 0 ) )"),"") | C50: =IFERROR(__xludf.DUMMYFUNCTION("IF(A50="""","""", IFERROR( ROWS( UNIQUE( FILTER( Raw!A:A, Raw!J:J = A50, Raw!I:I = ""win"", Raw!F:F = ""3v3"" ) ) ), 0 ) )"),"") | D50: =IFERROR(__xludf.DUMMYFUNCTION("IF(A50="""","""", IFERROR( ROWS( UNIQUE( FILTER( Raw!A:A, Raw!J:J = A50, Raw!I:I = ""loss"", Raw!F:F = ""3v3"" ) ) ), 0 ) )"),"") | F50: =IFERROR(__xludf.DUMMYFUNCTION("IF(A50="""","""", IFERROR( AVERAGE( UNIQUE( FILTER( Raw!N:N, Raw!J:J = A50, Raw!F:F = ""3v3"" ) ) ), 0 ) )"),"") | G50: =IFERROR(__xludf.DUMMYFUNCTION("IF(A50="""","""", IFERROR( AVERAGE( UNIQUE( FILTER( Raw!R:R, Raw!J:J = A50, Raw!F:F = ""3v3"" ) ) ), 0 ) )"),"")
B51: =IFERROR(__xludf.DUMMYFUNCTION("IF(A51="""","""", IFERROR( ROWS( UNIQUE( FILTER( Raw!A:A, Raw!J:J = A51, Raw!F:F = ""3v3"" ) ) ), 0 ) )"),"") | C51: =IFERROR(__xludf.DUMMYFUNCTION("IF(A51="""","""", IFERROR( ROWS( UNIQUE( FILTER( Raw!A:A, Raw!J:J = A51, Raw!I:I = ""win"", Raw!F:F = ""3v3"" ) ) ), 0 ) )"),"") | D51: =IFERROR(__xludf.DUMMYFUNCTION("IF(A51="""","""", IFERROR( ROWS( UNIQUE( FILTER( Raw!A:A, Raw!J:J = A51, Raw!I:I = ""loss"", Raw!F:F = ""3v3"" ) ) ), 0 ) )"),"") | F51: =IFERROR(__xludf.DUMMYFUNCTION("IF(A51="""","""", IFERROR( AVERAGE( UNIQUE( FILTER( Raw!N:N, Raw!J:J = A51, Raw!F:F = ""3v3"" ) ) ), 0 ) )"),"") | G51: =IFERROR(__xludf.DUMMYFUNCTION("IF(A51="""","""", IFERROR( AVERAGE( UNIQUE( FILTER( Raw!R:R, Raw!J:J = A51, Raw!F:F = ""3v3"" ) ) ), 0 ) )"),"")
B52: =IFERROR(__xludf.DUMMYFUNCTION("IF(A52="""","""", IFERROR( ROWS( UNIQUE( FILTER( Raw!A:A, Raw!J:J = A52, Raw!F:F = ""3v3"" ) ) ), 0 ) )"),"") | C52: =IFERROR(__xludf.DUMMYFUNCTION("IF(A52="""","""", IFERROR( ROWS( UNIQUE( FILTER( Raw!A:A, Raw!J:J = A52, Raw!I:I = ""win"", Raw!F:F = ""3v3"" ) ) ), 0 ) )"),"") | D52: =IFERROR(__xludf.DUMMYFUNCTION("IF(A52="""","""", IFERROR( ROWS( UNIQUE( FILTER( Raw!A:A, Raw!J:J = A52, Raw!I:I = ""loss"", Raw!F:F = ""3v3"" ) ) ), 0 ) )"),"") | G52: =IFERROR(__xludf.DUMMYFUNCTION("IF(A52="""","""", IFERROR( AVERAGE( UNIQUE( FILTER( Raw!R:R, Raw!J:J = A52, Raw!F:F = ""3v3"" ) ) ), 0 ) )"),"")
B53: =IFERROR(__xludf.DUMMYFUNCTION("IF(A53="""","""", IFERROR( ROWS( UNIQUE( FILTER( Raw!A:A, Raw!J:J = A53, Raw!F:F = ""3v3"" ) ) ), 0 ) )"),"") | G53: =IFERROR(__xludf.DUMMYFUNCTION("IF(A53="""","""", IFERROR( AVERAGE( UNIQUE( FILTER( Raw!R:R, Raw!J:J = A53, Raw!F:F = ""3v3"" ) ) ), 0 ) )"),"")
B54: =IFERROR(__xludf.DUMMYFUNCTION("IF(A54="""","""", IFERROR( ROWS( UNIQUE( FILTER( Raw!A:A, Raw!J:J = A54, Raw!F:F = ""3v3"" ) ) ), 0 ) )"),"") | G54: =IFERROR(__xludf.DUMMYFUNCTION("IF(A54="""","""", IFERROR( AVERAGE( UNIQUE( FILTER( Raw!R:R, Raw!J:J = A54, Raw!F:F = ""3v3"" ) ) ), 0 ) )"),"")
B55: =IFERROR(__xludf.DUMMYFUNCTION("IF(A55="""","""", IFERROR( ROWS( UNIQUE( FILTER( Raw!A:A, Raw!J:J = A55, Raw!F:F = ""3v3"" ) ) ), 0 ) )"),"") | G55: =IFERROR(__xludf.DUMMYFUNCTION("IF(A55="""","""", IFERROR( AVERAGE( UNIQUE( FILTER( Raw!R:R, Raw!J:J = A55, Raw!F:F = ""3v3"" ) ) ), 0 ) )"),"")
B56: =IFERROR(__xludf.DUMMYFUNCTION("IF(A56="""","""", IFERROR( ROWS( UNIQUE( FILTER( Raw!A:A, Raw!J:J = A56, Raw!F:F = ""3v3"" ) ) ), 0 ) )"),"") | G56: =IFERROR(__xludf.DUMMYFUNCTION("IF(A56="""","""", IFERROR( AVERAGE( UNIQUE( FILTER( Raw!R:R, Raw!J:J = A56, Raw!F:F = ""3v3"" ) ) ), 0 ) )"),"")
B57: =IFERROR(__xludf.DUMMYFUNCTION("IF(A57="""","""", IFERROR( ROWS( UNIQUE( FILTER( Raw!A:A, Raw!J:J = A57, Raw!F:F = ""3v3"" ) ) ), 0 ) )"),"") | G57: =IFERROR(__xludf.DUMMYFUNCTION("IF(A57="""","""", IFERROR( AVERAGE( UNIQUE( FILTER( Raw!R:R, Raw!J:J = A57, Raw!F:F = ""3v3"" ) ) ), 0 ) )"),"")
G58: =IFERROR(__xludf.DUMMYFUNCTION("IF(A58="""","""", IFERROR( AVERAGE( UNIQUE( FILTER( Raw!R:R, Raw!J:J = A58, Raw!F:F = ""3v3"" ) ) ), 0 ) )"),"")

Sheet Elo_Player_All
A1: match_id | B1: date | C1: player_name | D1: team_key | E1: opponent_team_key | F1: match_result | G1: team_size | H1: opponent_1 | I1: opponent_2 | J1: opponent_3 | K1: opponent_1_elo | L1: opponent_2_elo | M1: opponent_3_elo | N1: player_elo_before | O1: opponent_average_elo | P1: elo_change | Q1: player_elo_after
A2: =IFERROR(__xludf.DUMMYFUNCTION("FILTER( {Raw!A2:A11000, Raw!B2:B11000, Raw!L2:L11000, Raw!J2:J11000, Raw!K2:K11000, Raw!I2:I11000, Raw!F2:F11000}, Raw!A2:A11000<>"""" )"),"1Ox0HuDmkOY5o4pZSVVvwXh5hMzsxAnye") -> 1Ox0HuDmkOY5o4pZSVVvwXh5hMzsxAnye | B2: =IFERROR(__xludf.DUMMYFUNCTION("""COMPUTED_VALUE"""),45976.0) -> 45976 | C2: =IFERROR(__xludf.DUMMYFUNCTION("""COMPUTED_VALUE"""),"Malena") -> Malena | D2: =IFERROR(__xludf.DUMMYFUNCTION("""COMPUTED_VALUE"""),"Kesny + Malena") -> Kesny + Malena | E2: =IFERROR(__xludf.DUMMYFUNCTION("""COMPUTED_VALUE"""),"Nebus. + ZeroO") -> Nebus. + ZeroO | F2: =IFERROR(__xludf.DUMMYFUNCTION("""COMPUTED_VALUE"""),"win") -> win | G2: =IFERROR(__xludf.DUMMYFUNCTION("""COMPUTED_VALUE"""),"2v2") -> 2v2 | H2: =IFERROR(__xludf.DUMMYFUNCTION("IFERROR(TRIM(INDEX(SPLIT(E2,"" + ""),1)),"""")"),"Nebus.") -> Nebus. | I2: =IFERROR(__xludf.DUMMYFUNCTION("IFERROR(TRIM(INDEX(SPLIT(E2,"" + ""),2)),"""")"),"ZeroO") -> ZeroO | J2: =IFERROR(__xludf.DUMMYFUNCTION("IFERROR(TRIM(INDEX(SPLIT(E2,"" + ""),3)),"""")"),"") | K2: =IFERROR(__xludf.DUMMYFUNCTION("IFERROR(IF(H2="""",0,INDEX(FILTER($Q1:Q$2,$C1:C$2=H2,$G1:G$2=G2),ROWS(FILTER($Q1:Q$2,$C1:C$2=H2,$G1:G$2=G2)),1)),1500)"),1500.0) -> 1500 | L2: =IFERROR(__xludf.DUMMYFUNCTION("IFERROR(IF(I2="""",0,INDEX(FILTER($Q1:Q$2,$C1:C$2=I2,$G1:G$2=G2),ROWS(FILTER($Q1:Q$2,$C1:C$2=I2,$G1:G$2=G2)),1)),1500)"),1500.0) -> 1500 | M2: =IFERROR(__xludf.DUMMYFUNCTION("IFERROR(IF(J2="""",0,INDEX(FILTER($Q1:Q$2,$C1:C$2=J2,$G1:G$2=G2),ROWS(FILTER($Q1:Q$2,$C1:C$2=J2,$G1:G$2=G2)),1)),1500)"),0.0) -> 0 | N2: 1500 | O2: 1500 | P2: =ROUND(32*(IF(F2="win",1,0)-1/(1+10^((O2-N2)/400))),0) -> 16 | Q2: =N2+P2 -> 1516
A3: =IFERROR(__xludf.DUMMYFUNCTION("""COMPUTED_VALUE"""),"1Ox0HuDmkOY5o4pZSVVvwXh5hMzsxAnye") -> 1Ox0HuDmkOY5o4pZSVVvwXh5hMzsxAnye | B3: =IFERROR(__xludf.DUMMYFUNCTION("""COMPUTED_VALUE"""),45976.0) -> 45976 | C3: =IFERROR(__xludf.DUMMYFUNCTION("""COMPUTED_VALUE"""),"Kesny") -> Kesny | D3: =IFERROR(__xludf.DUMMYFUNCTION("""COMPUTED_VALUE"""),"Kesny + Malena") -> Kesny + Malena | E3: =IFERROR(__xludf.DUMMYFUNCTION("""COMPUTED_VALUE"""),"Nebus. + ZeroO") -> Nebus. + ZeroO | F3: =IFERROR(__xludf.DUMMYFUNCTION("""COMPUTED_VALUE"""),"win") -> win | G3: =IFERROR(__xludf.DUMMYFUNCTION("""COMPUTED_VALUE"""),"2v2") -> 2v2 | H3: =IFERROR(__xludf.DUMMYFUNCTION("IFERROR(TRIM(INDEX(SPLIT(E3,"" + ""),1)),"""")"),"Nebus.") -> Nebus. | I3: =IFERROR(__xludf.DUMMYFUNCTION("IFERROR(TRIM(INDEX(SPLIT(E3,"" + ""),2)),"""")"),"ZeroO") -> ZeroO | J3: =IFERROR(__xludf.DUMMYFUNCTION("IFERROR(TRIM(INDEX(SPLIT(E3,"" + ""),3)),"""")"),"") | K3: =IFERROR(__xludf.DUMMYFUNCTION("IFERROR(IF(H3="""",0,INDEX(FILTER($Q2:Q$2,$C2:C$2=H3,$G2:G$2=G3),ROWS(FILTER($Q2:Q$2,$C2:C$2=H3,$G2:G$2=G3)),1)),1500)"),1500.0) -> 1500 | L3: =IFERROR(__xludf.DUMMYFUNCTION("IFERROR(IF(I3="""",0,INDEX(FILTER($Q2:Q$2,$C2:C$2=I3,$G2:G$2=G3),ROWS(FILTER($Q2:Q$2,$C2:C$2=I3,$G2:G$2=G3)),1)),1500)"),1500.0) -> 1500 | M3: =IFERROR(__xludf.DUMMYFUNCTION("IFERROR(IF(J3="""",0,INDEX(FILTER($Q2:Q$2,$C2:C$2=J3,$G2:G$2=G3),ROWS(FILTER($Q2:Q$2,$C2:C$2=J3,$G2:G$2=G3)),1)),1500)"),0.0) -> 0 | N3: =IFERROR(__xludf.DUMMYFUNCTION("IFERROR(INDEX(FILTER($Q$2:Q2,$C$2:C2=C3,$G$2:G2=G3),ROWS(FILTER($Q$2:Q2,$C$2:C2=C3,$G$2:G2=G3)),1),1500)"),1500.0) -> 1500 | O3: =IF(M3>0,(K3+L3+M3)/3,IF(L3>0,(K3+L3)/2,K3)) -> 1500 | P3: =ROUND(32*(IF(F3="win",1,0)-1/(1+10^((O3-N3)/400))),0) -> 16 | Q3: =N3+P3 -> 1516
A4: =IFERROR(__xludf.DUMMYFUNCTION("""COMPUTED_VALUE"""),"1Ox0HuDmkOY5o4pZSVVvwXh5hMzsxAnye") -> 1Ox0HuDmkOY5o4pZSVVvwXh5hMzsxAnye | B4: =IFERROR(__xludf.DUMMYFUNCTION("""COMPUTED_VALUE"""),45976.0) -> 45976 | C4: =IFERROR(__xludf.DUMMYFUNCTION("""COMPUTED_VALUE"""),"Nebus.") -> Nebus. | D4: =IFERROR(__xludf.DUMMYFUNCTION("""COMPUTED_VALUE"""),"Nebus. + ZeroO") -> Nebus. + ZeroO | E4: =IFERROR(__xludf.DUMMYFUNCTION("""COMPUTED_VALUE"""),"Kesny + Malena") -> Kesny + Malena | F4: =IFERROR(__xludf.DUMMYFUNCTION("""COMPUTED_VALUE"""),"loss") -> loss | G4: =IFERROR(__xludf.DUMMYFUNCTION("""COMPUTED_VALUE"""),"2v2") -> 2v2 | H4: =IFERROR(__xludf.DUMMYFUNCTION("IFERROR(TRIM(INDEX(SPLIT(E4,"" + ""),1)),"""")"),"Kesny") -> Kesny | I4: =IFERROR(__xludf.DUMMYFUNCTION("IFERROR(TRIM(INDEX(SPLIT(E4,"" + ""),2)),"""")"),"Malena") -> Malena | J4: =IFERROR(__xludf.DUMMYFUNCTION("IFERROR(TRIM(INDEX(SPLIT(E4,"" + ""),3)),"""")"),"") | K4: =IFERROR(__xludf.DUMMYFUNCTION("IFERROR(IF(H4="""",0,INDEX(FILTER($Q$2:Q3,$C$2:C3=H4,$G$2:G3=G4),ROWS(FILTER($Q$2:Q3,$C$2:C3=H4,$G$2:G3=G4)),1)),1500)"),1516.0) -> 1516 | L4: =IFERROR(__xludf.DUMMYFUNCTION("IFERROR(IF(I4="""",0,INDEX(FILTER($Q$2:Q3,$C$2:C3=I4,$G$2:G3=G4),ROWS(FILTER($Q$2:Q3,$C$2:C3=I4,$G$2:G3=G4)),1)),1500)"),1516.0) -> 1516 | M4: =IFERROR(__xludf.DUMMYFUNCTION("IFERROR(IF(J4="""",0,INDEX(FILTER($Q$2:Q3,$C$2:C3=J4,$G$2:G3=G4),ROWS(FILTER($Q$2:Q3,$C$2:C3=J4,$G$2:G3=G4)),1)),1500)"),0.0) -> 0 | N4: =IFERROR(__xludf.DUMMYFUNCTION("IFERROR(INDEX(FILTER($Q$2:Q3,$C$2:C3=C4,$G$2:G3=G4),ROWS(FILTER($Q$2:Q3,$C$2:C3=C4,$G$2:G3=G4)),1),1500)"),1500.0) -> 1500 | O4: =IF(M4>0,(K4+L4+M4)/3,IF(L4>0,(K4+L4)/2,K4)) -> 1516 | P4: =ROUND(32*(IF(F4="win",1,0)-1/(1+10^((O4-N4)/400))),0) -> -15 | Q4: =N4+P4 -> 1485
A5: =IFERROR(__xludf.DUMMYFUNCTION("""COMPUTED_VALUE"""),"1Ox0HuDmkOY5o4pZSVVvwXh5hMzsxAnye") -> 1Ox0HuDmkOY5o4pZSVVvwXh5hMzsxAnye | B5: =IFERROR(__xludf.DUMMYFUNCTION("""COMPUTED_VALUE"""),45976.0) -> 45976 | C5: =IFERROR(__xludf.DUMMYFUNCTION("""COMPUTED_VALUE"""),"ZeroO") -> ZeroO | D5: =IFERROR(__xludf.DUMMYFUNCTION("""COMPUTED_VALUE"""),"Nebus. + ZeroO") -> Nebus. + ZeroO | E5: =IFERROR(__xludf.DUMMYFUNCTION("""COMPUTED_VALUE"""),"Kesny + Malena") -> Kesny + Malena | F5: =IFERROR(__xludf.DUMMYFUNCTION("""COMPUTED_VALUE"""),"loss") -> loss | G5: =IFERROR(__xludf.DUMMYFUNCTION("""COMPUTED_VALUE"""),"2v2") -> 2v2 | H5: =IFERROR(__xludf.DUMMYFUNCTION("IFERROR(TRIM(INDEX(SPLIT(E5,"" + ""),1)),"""")"),"Kesny") -> Kesny | I5: =IFERROR(__xludf.DUMMYFUNCTION("IFERROR(TRIM(INDEX(SPLIT(E5,"" + ""),2)),"""")"),"Malena") -> Malena | J5: =IFERROR(__xludf.DUMMYFUNCTION("IFERROR(TRIM(INDEX(SPLIT(E5,"" + ""),3)),"""")"),"") | K5: =IFERROR(__xludf.DUMMYFUNCTION("IFERROR(IF(H5="""",0,INDEX(FILTER($Q$2:Q4,$C$2:C4=H5,$G$2:G4=G5),ROWS(FILTER($Q$2:Q4,$C$2:C4=H5,$G$2:G4=G5)),1)),1500)"),1516.0) -> 1516 | L5: =IFERROR(__xludf.DUMMYFUNCTION("IFERROR(IF(I5="""",0,INDEX(FILTER($Q$2:Q4,$C$2:C4=I5,$G$2:G4=G5),ROWS(FILTER($Q$2:Q4,$C$2:C4=I5,$G$2:G4=G5)),1)),1500)"),1516.0) -> 1516 | M5: =IFERROR(__xludf.DUMMYFUNCTION("IFERROR(IF(J5="""",0,INDEX(FILTER($Q$2:Q4,$C$2:C4=J5,$G$2:G4=G5),ROWS(FILTER($Q$2:Q4,$C$2:C4=J5,$G$2:G4=G5)),1)),1500)"),0.0) -> 0 | N5: =IFERROR(__xludf.DUMMYFUNCTION("IFERROR(INDEX(FILTER($Q$2:Q4,$C$2:C4=C5,$G$2:G4=G5),ROWS(FILTER($Q$2:Q4,$C$2:C4=C5,$G$2:G4=G5)),1),1500)"),1500.0) -> 1500 | O5: =IF(M5>0,(K5+L5+M5)/3,IF(L5>0,(K5+L5)/2,K5)) -> 1516 | P5: =ROUND(32*(IF(F5="win",1,0)-1/(1+10^((O5-N5)/400))),0) -> -15 | Q5: =N5+P5 -> 1485
A6: =IFERROR(__xludf.DUMMYFUNCTION("""COMPUTED_VALUE"""),"1NJa30Ghn91d9GVsm99NjFnW5TNyJJPKv") -> 1NJa30Ghn91d9GVsm99NjFnW5TNyJJPKv | B6: =IFERROR(__xludf.DUMMYFUNCTION("""COMPUTED_VALUE"""),45976.0) -> 45976 | C6: =IFERROR(__xludf.DUMMYFUNCTION("""COMPUTED_VALUE"""),"Malena") -> Malena | D6: =IFERROR(__xludf.DUMMYFUNCTION("""COMPUTED_VALUE"""),"Kesny + Malena") -> Kesny + Malena | E6: =IFERROR(__xludf.DUMMYFUNCTION("""COMPUTED_VALUE"""),"Nebus. + ZeroO") -> Nebus. + ZeroO | F6: =IFERROR(__xludf.DUMMYFUNCTION("""COMPUTED_VALUE"""),"loss") -> loss | G6: =IFERROR(__xludf.DUMMYFUNCTION("""COMPUTED_VALUE"""),"2v2") -> 2v2 | H6: =IFERROR(__xludf.DUMMYFUNCTION("IFERROR(TRIM(INDEX(SPLIT(E6,"" + ""),1)),"""")"),"Nebus.") -> Nebus. | I6: =IFERROR(__xludf.DUMMYFUNCTION("IFERROR(TRIM(INDEX(SPLIT(E6,"" + ""),2)),"""")"),"ZeroO") -> ZeroO | J6: =IFERROR(__xludf.DUMMYFUNCTION("IFERROR(TRIM(INDEX(SPLIT(E6,"" + ""),3)),"""")"),"") | K6: =IFERROR(__xludf.DUMMYFUNCTION("IFERROR(IF(H6="""",0,INDEX(FILTER($Q$2:Q5,$C$2:C5=H6,$G$2:G5=G6),ROWS(FILTER($Q$2:Q5,$C$2:C5=H6,$G$2:G5=G6)),1)),1500)"),1485.0) -> 1485 | L6: =IFERROR(__xludf.DUMMYFUNCTION("IFERROR(IF(I6="""",0,INDEX(FILTER($Q$2:Q5,$C$2:C5=I6,$G$2:G5=G6),ROWS(FILTER($Q$2:Q5,$C$2:C5=I6,$G$2:G5=G6)),1)),1500)"),1485.0) -> 1485 | M6: =IFERROR(__xludf.DUMMYFUNCTION("IFERROR(IF(J6="""",0,INDEX(FILTER($Q$2:Q5,$C$2:C5=J6,$G$2:G5=G6),ROWS(FILTER($Q$2:Q5,$C$2:C5=J6,$G$2:G5=G6)),1)),1500)"),0.0) -> 0 | N6: =IFERROR(__xludf.DUMMYFUNCTION("IFERROR(INDEX(FILTER($Q$2:Q5,$C$2:C5=C6,$G$2:G5=G6),ROWS(FILTER($Q$2:Q5,$C$2:C5=C6,$G$2:G5=G6)),1),1500)"),1516.0) -> 1516 | O6: =IF(M6>0,(K6+L6+M6)/3,IF(L6>0,(K6+L6)/2,K6)) -> 1485 | P6: =ROUND(32*(IF(F6="win",1,0)-1/(1+10^((O6-N6)/400))),0) -> -17 | Q6: =N6+P6 -> 1499
A7: =IFERROR(__xludf.DUMMYFUNCTION("""COMPUTED_VALUE"""),"1NJa30Ghn91d9GVsm99NjFnW5TNyJJPKv") -> 1NJa30Ghn91d9GVsm99NjFnW5TNyJJPKv | B7: =IFERROR(__xludf.DUMMYFUNCTION("""COMPUTED_VALUE"""),45976.0) -> 45976 | C7: =IFERROR(__xludf.DUMMYFUNCTION("""COMPUTED_VALUE"""),"Kesny") -> Kesny | D7: =IFERROR(__xludf.DUMMYFUNCTION("""COMPUTED_VALUE"""),"Kesny + Malena") -> Kesny + Malena | E7: =IFERROR(__xludf.DUMMYFUNCTION("""COMPUTED_VALUE"""),"Nebus. + ZeroO") -> Nebus. + ZeroO | F7: =IFERROR(__xludf.DUMMYFUNCTION("""COMPUTED_VALUE"""),"loss") -> loss | G7: =IFERROR(__xludf.DUMMYFUNCTION("""COMPUTED_VALUE"""),"2v2") -> 2v2 | H7: =IFERROR(__xludf.DUMMYFUNCTION("IFERROR(TRIM(INDEX(SPLIT(E7,"" + ""),1)),"""")"),"Nebus.") -> Nebus. | I7: =IFERROR(__xludf.DUMMYFUNCTION("IFERROR(TRIM(INDEX(SPLIT(E7,"" + ""),2)),"""")"),"ZeroO") -> ZeroO | J7: =IFERROR(__xludf.DUMMYFUNCTION("IFERROR(TRIM(INDEX(SPLIT(E7,"" + ""),3)),"""")"),"") | K7: =IFERROR(__xludf.DUMMYFUNCTION("IFERROR(IF(H7="""",0,INDEX(FILTER($Q$2:Q6,$C$2:C6=H7,$G$2:G6=G7),ROWS(FILTER($Q$2:Q6,$C$2:C6=H7,$G$2:G6=G7)),1)),1500)"),1485.0) -> 1485 | L7: =IFERROR(__xludf.DUMMYFUNCTION("IFERROR(IF(I7="""",0,INDEX(FILTER($Q$2:Q6,$C$2:C6=I7,$G$2:G6=G7),ROWS(FILTER($Q$2:Q6,$C$2:C6=I7,$G$2:G6=G7)),1)),1500)"),1485.0) -> 1485 | M7: =IFERROR(__xludf.DUMMYFUNCTION("IFERROR(IF(J7="""",0,INDEX(FILTER($Q$2:Q6,$C$2:C6=J7,$G$2:G6=G7),ROWS(FILTER($Q$2:Q6,$C$2:C6=J7,$G$2:G6=G7)),1)),1500)"),0.0) -> 0 | N7: =IFERROR(__xludf.DUMMYFUNCTION("IFERROR(INDEX(FILTER($Q$2:Q6,$C$2:C6=C7,$G$2:G6=G7),ROWS(FILTER($Q$2:Q6,$C$2:C6=C7,$G$2:G6=G7)),1),1500)"),1516.0) -> 1516 | O7: =IF(M7>0,(K7+L7+M7)/3,IF(L7>0,(K7+L7)/2,K7)) -> 1485 | P7: =ROUND(32*(IF(F7="win",1,0)-1/(1+10^((O7-N7)/400))),0) -> -17 | Q7: =N7+P7 -> 1499
A8: =IFERROR(__xludf.DUMMYFUNCTION("""COMPUTED_VALUE"""),"1NJa30Ghn91d9GVsm99NjFnW5TNyJJPKv") -> 1NJa30Ghn91d9GVsm99NjFnW5TNyJJPKv | B8: =IFERROR(__xludf.DUMMYFUNCTION("""COMPUTED_VALUE"""),45976.0) -> 45976 | C8: =IFERROR(__xludf.DUMMYFUNCTION("""COMPUTED_VALUE"""),"ZeroO") -> ZeroO | D8: =IFERROR(__xludf.DUMMYFUNCTION("""COMPUTED_VALUE"""),"Nebus. + ZeroO") -> Nebus. + ZeroO | E8: =IFERROR(__xludf.DUMMYFUNCTION("""COMPUTED_VALUE"""),"Kesny + Malena") -> Kesny + Malena | F8: =IFERROR(__xludf.DUMMYFUNCTION("""COMPUTED_VALUE"""),"win") -> win | G8: =IFERROR(__xludf.DUMMYFUNCTION("""COMPUTED_VALUE"""),"2v2") -> 2v2 | H8: =IFERROR(__xludf.DUMMYFUNCTION("IFERROR(TRIM(INDEX(SPLIT(E8,"" + ""),1)),"""")"),"Kesny") -> Kesny | I8: =IFERROR(__xludf.DUMMYFUNCTION("IFERROR(TRIM(INDEX(SPLIT(E8,"" + ""),2)),"""")"),"Malena") -> Malena | J8: =IFERROR(__xludf.DUMMYFUNCTION("IFERROR(TRIM(INDEX(SPLIT(E8,"" + ""),3)),"""")"),"") | K8: =IFERROR(__xludf.DUMMYFUNCTION("IFERROR(IF(H8="""",0,INDEX(FILTER($Q$2:Q7,$C$2:C7=H8,$G$2:G7=G8),ROWS(FILTER($Q$2:Q7,$C$2:C7=H8,$G$2:G7=G8)),1)),1500)"),1499.0) -> 1499 | L8: =IFERROR(__xludf.DUMMYFUNCTION("IFERROR(IF(I8="""",0,INDEX(FILTER($Q$2:Q7,$C$2:C7=I8,$G$2:G7=G8),ROWS(FILTER($Q$2:Q7,$C$2:C7=I8,$G$2:G7=G8)),1)),1500)"),1499.0) -> 1499 | M8: =IFERROR(__xludf.DUMMYFUNCTION("IFERROR(IF(J8="""",0,INDEX(FILTER($Q$2:Q7,$C$2:C7=J8,$G$2:G7=G8),ROWS(FILTER($Q$2:Q7,$C$2:C7=J8,$G$2:G7=G8)),1)),1500)"),0.0) -> 0 | N8: =IFERROR(__xludf.DUMMYFUNCTION("IFERROR(INDEX(FILTER($Q$2:Q7,$C$2:C7=C8,$G$2:G7=G8),ROWS(FILTER($Q$2:Q7,$C$2:C7=C8,$G$2:G7=G8)),1),1500)"),1485.0) -> 1485 | O8: =IF(M8>0,(K8+L8+M8)/3,IF(L8>0,(K8+L8)/2,K8)) -> 1499 | P8: =ROUND(32*(IF(F8="win",1,0)-1/(1+10^((O8-N8)/400))),0) -> 17 | Q8: =N8+P8 -> 1502
A9: =IFERROR(__xludf.DUMMYFUNCTION("""COMPUTED_VALUE"""),"1NJa30Ghn91d9GVsm99NjFnW5TNyJJPKv") -> 1NJa30Ghn91d9GVsm99NjFnW5TNyJJPKv | B9: =IFERROR(__xludf.DUMMYFUNCTION("""COMPUTED_VALUE"""),45976.0) -> 45976 | C9: =IFERROR(__xludf.DUMMYFUNCTION("""COMPUTED_VALUE"""),"Nebus.") -> Nebus. | D9: =IFERROR(__xludf.DUMMYFUNCTION("""COMPUTED_VALUE"""),"Nebus. + ZeroO") -> Nebus. + ZeroO | E9: =IFERROR(__xludf.DUMMYFUNCTION("""COMPUTED_VALUE"""),"Kesny + Malena") -> Kesny + Malena | F9: =IFERROR(__xludf.DUMMYFUNCTION("""COMPUTED_VALUE"""),"win") -> win | G9: =IFERROR(__xludf.DUMMYFUNCTION("""COMPUTED_VALUE"""),"2v2") -> 2v2 | H9: =IFERROR(__xludf.DUMMYFUNCTION("IFERROR(TRIM(INDEX(SPLIT(E9,"" + ""),1)),"""")"),"Kesny") -> Kesny | I9: =IFERROR(__xludf.DUMMYFUNCTION("IFERROR(TRIM(INDEX(SPLIT(E9,"" + ""),2)),"""")"),"Malena") -> Malena | J9: =IFERROR(__xludf.DUMMYFUNCTION("IFERROR(TRIM(INDEX(SPLIT(E9,"" + ""),3)),"""")"),"") | K9: =IFERROR(__xludf.DUMMYFUNCTION("IFERROR(IF(H9="""",0,INDEX(FILTER($Q$2:Q8,$C$2:C8=H9,$G$2:G8=G9),ROWS(FILTER($Q$2:Q8,$C$2:C8=H9,$G$2:G8=G9)),1)),1500)"),1499.0) -> 1499 | L9: =IFERROR(__xludf.DUMMYFUNCTION("IFERROR(IF(I9="""",0,INDEX(FILTER($Q$2:Q8,$C$2:C8=I9,$G$2:G8=G9),ROWS(FILTER($Q$2:Q8,$C$2:C8=I9,$G$2:G8=G9)),1)),1500)"),1499.0) -> 1499 | M9: =IFERROR(__xludf.DUMMYFUNCTION("IFERROR(IF(J9="""",0,INDEX(FILTER($Q$2:Q8,$C$2:C8=J9,$G$2:G8=G9),ROWS(FILTER($Q$2:Q8,$C$2:C8=J9,$G$2:G8=G9)),1)),1500)"),0.0) -> 0 | N9: =IFERROR(__xludf.DUMMYFUNCTION("IFERROR(INDEX(FILTER($Q$2:Q8,$C$2:C8=C9,$G$2:G8=G9),ROWS(FILTER($Q$2:Q8,$C$2:C8=C9,$G$2:G8=G9)),1),1500)"),1485.0) -> 1485 | O9: =IF(M9>0,(K9+L9+M9)/3,IF(L9>0,(K9+L9)/2,K9)) -> 1499 | P9: =ROUND(32*(IF(F9="win",1,0)-1/(1+10^((O9-N9)/400))),0) -> 17 | Q9: =N9+P9 -> 1502
A10: =IFERROR(__xludf.DUMMYFUNCTION("""COMPUTED_VALUE"""),"18IowcNI-5amD-S7qC_av0hwoq_c6EQyB") -> 18IowcNI-5amD-S7qC_av0hwoq_c6EQyB | B10: =IFERROR(__xludf.DUMMYFUNCTION("""COMPUTED_VALUE"""),45976.0) -> 45976 | C10: =IFERROR(__xludf.DUMMYFUNCTION("""COMPUTED_VALUE"""),"Malena") -> Malena | D10: =IFERROR(__xludf.DUMMYFUNCTION("""COMPUTED_VALUE"""),"Kesny + Malena") -> Kesny + Malena | E10: =IFERROR(__xludf.DUMMYFUNCTION("""COMPUTED_VALUE"""),"Nebus. + ZeroO") -> Nebus. + ZeroO | F10: =IFERROR(__xludf.DUMMYFUNCTION("""COMPUTED_VALUE"""),"loss") -> loss | G10: =IFERROR(__xludf.DUMMYFUNCTION("""COMPUTED_VALUE"""),"2v2") -> 2v2 | H10: =IFERROR(__xludf.DUMMYFUNCTION("IFERROR(TRIM(INDEX(SPLIT(E10,"" + ""),1)),"""")"),"Nebus.") -> Nebus. | I10: =IFERROR(__xludf.DUMMYFUNCTION("IFERROR(TRIM(INDEX(SPLIT(E10,"" + ""),2)),"""")"),"ZeroO") -> ZeroO | J10: =IFERROR(__xludf.DUMMYFUNCTION("IFERROR(TRIM(INDEX(SPLIT(E10,"" + ""),3)),"""")"),"") | K10: =IFERROR(__xludf.DUMMYFUNCTION("IFERROR(IF(H10="""",0,INDEX(FILTER($Q$2:Q9,$C$2:C9=H10,$G$2:G9=G10),ROWS(FILTER($Q$2:Q9,$C$2:C9=H10,$G$2:G9=G10)),1)),1500)"),1502.0) -> 1502 | L10: =IFERROR(__xludf.DUMMYFUNCTION("IFERROR(IF(I10="""",0,INDEX(FILTER($Q$2:Q9,$C$2:C9=I10,$G$2:G9=G10),ROWS(FILTER($Q$2:Q9,$C$2:C9=I10,$G$2:G9=G10)),1)),1500)"),1502.0) -> 1502 | M10: =IFERROR(__xludf.DUMMYFUNCTION("IFERROR(IF(J10="""",0,INDEX(FILTER($Q$2:Q9,$C$2:C9=J10,$G$2:G9=G10),ROWS(FILTER($Q$2:Q9,$C$2:C9=J10,$G$2:G9=G10)),1)),1500)"),0.0) -> 0 | N10: =IFERROR(__xludf.DUMMYFUNCTION("IFERROR(INDEX(FILTER($Q$2:Q9,$C$2:C9=C10,$G$2:G9=G10),ROWS(FILTER($Q$2:Q9,$C$2:C9=C10,$G$2:G9=G10)),1),1500)"),1499.0) -> 1499 | O10: =IF(M10>0,(K10+L10+M10)/3,IF(L10>0,(K10+L10)/2,K10)) -> 1502 | P10: =ROUND(32*(IF(F10="win",1,0)-1/(1+10^((O10-N10)/400))),0) -> -16 | Q10: =N10+P10 -> 1483
A11: =IFERROR(__xludf.DUMMYFUNCTION("""COMPUTED_VALUE"""),"18IowcNI-5amD-S7qC_av0hwoq_c6EQyB") -> 18IowcNI-5amD-S7qC_av0hwoq_c6EQyB | B11: =IFERROR(__xludf.DUMMYFUNCTION("""COMPUTED_VALUE"""),45976.0) -> 45976 | C11: =IFERROR(__xludf.DUMMYFUNCTION("""COMPUTED_VALUE"""),"Kesny") -> Kesny | D11: =IFERROR(__xludf.DUMMYFUNCTION("""COMPUTED_VALUE"""),"Kesny + Malena") -> Kesny + Malena | E11: =IFERROR(__xludf.DUMMYFUNCTION("""COMPUTED_VALUE"""),"Nebus. + ZeroO") -> Nebus. + ZeroO | F11: =IFERROR(__xludf.DUMMYFUNCTION("""COMPUTED_VALUE"""),"loss") -> loss | G11: =IFERROR(__xludf.DUMMYFUNCTION("""COMPUTED_VALUE"""),"2v2") -> 2v2 | H11: =IFERROR(__xludf.DUMMYFUNCTION("IFERROR(TRIM(INDEX(SPLIT(E11,"" + ""),1)),"""")"),"Nebus.") -> Nebus. | I11: =IFERROR(__xludf.DUMMYFUNCTION("IFERROR(TRIM(INDEX(SPLIT(E11,"" + ""),2)),"""")"),"ZeroO") -> ZeroO | J11: =IFERROR(__xludf.DUMMYFUNCTION("IFERROR(TRIM(INDEX(SPLIT(E11,"" + ""),3)),"""")"),"") | K11: =IFERROR(__xludf.DUMMYFUNCTION("IFERROR(IF(H11="""",0,INDEX(FILTER($Q$2:Q10,$C$2:C10=H11,$G$2:G10=G11),ROWS(FILTER($Q$2:Q10,$C$2:C10=H11,$G$2:G10=G11)),1)),1500)"),1502.0) -> 1502 | L11: =IFERROR(__xludf.DUMMYFUNCTION("IFERROR(IF(I11="""",0,INDEX(FILTER($Q$2:Q10,$C$2:C10=I11,$G$2:G10=G11),ROWS(FILTER($Q$2:Q10,$C$2:C10=I11,$G$2:G10=G11)),1)),1500)"),1502.0) -> 1502 | M11: =IFERROR(__xludf.DUMMYFUNCTION("IFERROR(IF(J11="""",0,INDEX(FILTER($Q$2:Q10,$C$2:C10=J11,$G$2:G10=G11),ROWS(FILTER($Q$2:Q10,$C$2:C10=J11,$G$2:G10=G11)),1)),1500)"),0.0) -> 0 | N11: =IFERROR(__xludf.DUMMYFUNCTION("IFERROR(INDEX(FILTER($Q$2:Q10,$C$2:C10=C11,$G$2:G10=G11),ROWS(FILTER($Q$2:Q10,$C$2:C10=C11,$G$2:G10=G11)),1),1500)"),1499.0) -> 1499 | O11: =IF(M11>0,(K11+L11+M11)/3,IF(L11>0,(K11+L11)/2,K11)) -> 1502 | P11: =ROUND(32*(IF(F11="win",1,0)-1/(1+10^((O11-N11)/400))),0) -> -16 | Q11: =N11+P11 -> 1483
A12: =IFERROR(__xludf.DUMMYFUNCTION("""COMPUTED_VALUE"""),"18IowcNI-5amD-S7qC_av0hwoq_c6EQyB") -> 18IowcNI-5amD-S7qC_av0hwoq_c6EQyB | B12: =IFERROR(__xludf.DUMMYFUNCTION("""COMPUTED_VALUE"""),45976.0) -> 45976 | C12: =IFERROR(__xludf.DUMMYFUNCTION("""COMPUTED_VALUE"""),"ZeroO") -> ZeroO | D12: =IFERROR(__xludf.DUMMYFUNCTION("""COMPUTED_VALUE"""),"Nebus. + ZeroO") -> Nebus. + ZeroO | E12: =IFERROR(__xludf.DUMMYFUNCTION("""COMPUTED_VALUE"""),"Kesny + Malena") -> Kesny + Malena | F12: =IFERROR(__xludf.DUMMYFUNCTION("""COMPUTED_VALUE"""),"win") -> win | G12: =IFERROR(__xludf.DUMMYFUNCTION("""COMPUTED_VALUE"""),"2v2") -> 2v2 | H12: =IFERROR(__xludf.DUMMYFUNCTION("IFERROR(TRIM(INDEX(SPLIT(E12,"" + ""),1)),"""")"),"Kesny") -> Kesny | I12: =IFERROR(__xludf.DUMMYFUNCTION("IFERROR(TRIM(INDEX(SPLIT(E12,"" + ""),2)),"""")"),"Malena") -> Malena | J12: =IFERROR(__xludf.DUMMYFUNCTION("IFERROR(TRIM(INDEX(SPLIT(E12,"" + ""),3)),"""")"),"") | K12: =IFERROR(__xludf.DUMMYFUNCTION("IFERROR(IF(H12="""",0,INDEX(FILTER($Q$2:Q11,$C$2:C11=H12,$G$2:G11=G12),ROWS(FILTER($Q$2:Q11,$C$2:C11=H12,$G$2:G11=G12)),1)),1500)"),1483.0) -> 1483 | L12: =IFERROR(__xludf.DUMMYFUNCTION("IFERROR(IF(I12="""",0,INDEX(FILTER($Q$2:Q11,$C$2:C11=I12,$G$2:G11=G12),ROWS(FILTER($Q$2:Q11,$C$2:C11=I12,$G$2:G11=G12)),1)),1500)"),1483.0) -> 1483 | M12: =IFERROR(__xludf.DUMMYFUNCTION("IFERROR(IF(J12="""",0,INDEX(FILTER($Q$2:Q11,$C$2:C11=J12,$G$2:G11=G12),ROWS(FILTER($Q$2:Q11,$C$2:C11=J12,$G$2:G11=G12)),1)),1500)"),0.0) -> 0 | N12: =IFERROR(__xludf.DUMMYFUNCTION("IFERROR(INDEX(FILTER($Q$2:Q11,$C$2:C11=C12,$G$2:G11=G12),ROWS(FILTER($Q$2:Q11,$C$2:C11=C12,$G$2:G11=G12)),1),1500)"),1502.0) -> 1502 | O12: =IF(M12>0,(K12+L12+M12)/3,IF(L12>0,(K12+L12)/2,K12)) -> 1483 | P12: =ROUND(32*(IF(F12="win",1,0)-1/(1+10^((O12-N12)/400))),0) -> 15 | Q12: =N12+P12 -> 1517
A13: =IFERROR(__xludf.DUMMYFUNCTION("""COMPUTED_VALUE"""),"18IowcNI-5amD-S7qC_av0hwoq_c6EQyB") -> 18IowcNI-5amD-S7qC_av0hwoq_c6EQyB | B13: =IFERROR(__xludf.DUMMYFUNCTION("""COMPUTED_VALUE"""),45976.0) -> 45976 | C13: =IFERROR(__xludf.DUMMYFUNCTION("""COMPUTED_VALUE"""),"Nebus.") -> Nebus. | D13: =IFERROR(__xludf.DUMMYFUNCTION("""COMPUTED_VALUE"""),"Nebus. + ZeroO") -> Nebus. + ZeroO | E13: =IFERROR(__xludf.DUMMYFUNCTION("""COMPUTED_VALUE"""),"Kesny + Malena") -> Kesny + Malena | F13: =IFERROR(__xludf.DUMMYFUNCTION("""COMPUTED_VALUE"""),"win") -> win | G13: =IFERROR(__xludf.DUMMYFUNCTION("""COMPUTED_VALUE"""),"2v2") -> 2v2 | H13: =IFERROR(__xludf.DUMMYFUNCTION("IFERROR(TRIM(INDEX(SPLIT(E13,"" + ""),1)),"""")"),"Kesny") -> Kesny | I13: =IFERROR(__xludf.DUMMYFUNCTION("IFERROR(TRIM(INDEX(SPLIT(E13,"" + ""),2)),"""")"),"Malena") -> Malena | J13: =IFERROR(__xludf.DUMMYFUNCTION("IFERROR(TRIM(INDEX(SPLIT(E13,"" + ""),3)),"""")"),"") | K13: =IFERROR(__xludf.DUMMYFUNCTION("IFERROR(IF(H13="""",0,INDEX(FILTER($Q$2:Q12,$C$2:C12=H13,$G$2:G12=G13),ROWS(FILTER($Q$2:Q12,$C$2:C12=H13,$G$2:G12=G13)),1)),1500)"),1483.0) -> 1483 | L13: =IFERROR(__xludf.DUMMYFUNCTION("IFERROR(IF(I13="""",0,INDEX(FILTER($Q$2:Q12,$C$2:C12=I13,$G$2:G12=G13),ROWS(FILTER($Q$2:Q12,$C$2:C12=I13,$G$2:G12=G13)),1)),1500)"),1483.0) -> 1483 | M13: =IFERROR(__xludf.DUMMYFUNCTION("IFERROR(IF(J13="""",0,INDEX(FILTER($Q$2:Q12,$C$2:C12=J13,$G$2:G12=G13),ROWS(FILTER($Q$2:Q12,$C$2:C12=J13,$G$2:G12=G13)),1)),1500)"),0.0) -> 0 | N13: =IFERROR(__xludf.DUMMYFUNCTION("IFERROR(INDEX(FILTER($Q$2:Q12,$C$2:C12=C13,$G$2:G12=G13),ROWS(FILTER($Q$2:Q12,$C$2:C12=C13,$G$2:G12=G13)),1),1500)"),1502.0) -> 1502 | O13: =IF(M13>0,(K13+L13+M13)/3,IF(L13>0,(K13+L13)/2,K13)) -> 1483 | P13: =ROUND(32*(IF(F13="win",1,0)-1/(1+10^((O13-N13)/400))),0) -> 15 | Q13: =N13+P13 -> 1517
A14: =IFERROR(__xludf.DUMMYFUNCTION("""COMPUTED_VALUE"""),"1D-sEyHaHbPxuKve7zodNkjp0qyQS_8Ft") -> 1D-sEyHaHbPxuKve7zodNkjp0qyQS_8Ft | B14: =IFERROR(__xludf.DUMMYFUNCTION("""COMPUTED_VALUE"""),45976.0) -> 45976 | C14: =IFERROR(__xludf.DUMMYFUNCTION("""COMPUTED_VALUE"""),"Malena") -> Malena | D14: =IFERROR(__xludf.DUMMYFUNCTION("""COMPUTED_VALUE"""),"Kesny + Malena") -> Kesny + Malena | E14: =IFERROR(__xludf.DUMMYFUNCTION("""COMPUTED_VALUE"""),"Nebus. + ZeroO") -> Nebus. + ZeroO | F14: =IFERROR(__xludf.DUMMYFUNCTION("""COMPUTED_VALUE"""),"loss") -> loss | G14: =IFERROR(__xludf.DUMMYFUNCTION("""COMPUTED_VALUE"""),"2v2") -> 2v2 | H14: =IFERROR(__xludf.DUMMYFUNCTION("IFERROR(TRIM(INDEX(SPLIT(E14,"" + ""),1)),"""")"),"Nebus.") -> Nebus. | I14: =IFERROR(__xludf.DUMMYFUNCTION("IFERROR(TRIM(INDEX(SPLIT(E14,"" + ""),2)),"""")"),"ZeroO") -> ZeroO | J14: =IFERROR(__xludf.DUMMYFUNCTION("IFERROR(TRIM(INDEX(SPLIT(E14,"" + ""),3)),"""")"),"") | K14: =IFERROR(__xludf.DUMMYFUNCTION("IFERROR(IF(H14="""",0,INDEX(FILTER($Q$2:Q13,$C$2:C13=H14,$G$2:G13=G14),ROWS(FILTER($Q$2:Q13,$C$2:C13=H14,$G$2:G13=G14)),1)),1500)"),1517.0) -> 1517 | L14: =IFERROR(__xludf.DUMMYFUNCTION("IFERROR(IF(I14="""",0,INDEX(FILTER($Q$2:Q13,$C$2:C13=I14,$G$2:G13=G14),ROWS(FILTER($Q$2:Q13,$C$2:C13=I14,$G$2:G13=G14)),1)),1500)"),1517.0) -> 1517 | M14: =IFERROR(__xludf.DUMMYFUNCTION("IFERROR(IF(J14="""",0,INDEX(FILTER($Q$2:Q13,$C$2:C13=J14,$G$2:G13=G14),ROWS(FILTER($Q$2:Q13,$C$2:C13=J14,$G$2:G13=G14)),1)),1500)"),0.0) -> 0 | N14: =IFERROR(__xludf.DUMMYFUNCTION("IFERROR(INDEX(FILTER($Q$2:Q13,$C$2:C13=C14,$G$2:G13=G14),ROWS(FILTER($Q$2:Q13,$C$2:C13=C14,$G$2:G13=G14)),1),1500)"),1483.0) -> 1483 | O14: =IF(M14>0,(K14+L14+M14)/3,IF(L14>0,(K14+L14)/2,K14)) -> 1517 | P14: =ROUND(32*(IF(F14="win",1,0)-1/(1+10^((O14-N14)/400))),0) -> -14 | Q14: =N14+P14 -> 1469
A15: =IFERROR(__xludf.DUMMYFUNCTION("""COMPUTED_VALUE"""),"1D-sEyHaHbPxuKve7zodNkjp0qyQS_8Ft") -> 1D-sEyHaHbPxuKve7zodNkjp0qyQS_8Ft | B15: =IFERROR(__xludf.DUMMYFUNCTION("""COMPUTED_VALUE"""),45976.0) -> 45976 | C15: =IFERROR(__xludf.DUMMYFUNCTION("""COMPUTED_VALUE"""),"Kesny") -> Kesny | D15: =IFERROR(__xludf.DUMMYFUNCTION("""COMPUTED_VALUE"""),"Kesny + Malena") -> Kesny + Malena | E15: =IFERROR(__xludf.DUMMYFUNCTION("""COMPUTED_VALUE"""),"Nebus. + ZeroO") -> Nebus. + ZeroO | F15: =IFERROR(__xludf.DUMMYFUNCTION("""COMPUTED_VALUE"""),"loss") -> loss | G15: =IFERROR(__xludf.DUMMYFUNCTION("""COMPUTED_VALUE"""),"2v2") -> 2v2 | H15: =IFERROR(__xludf.DUMMYFUNCTION("IFERROR(TRIM(INDEX(SPLIT(E15,"" + ""),1)),"""")"),"Nebus.") -> Nebus. | I15: =IFERROR(__xludf.DUMMYFUNCTION("IFERROR(TRIM(INDEX(SPLIT(E15,"" + ""),2)),"""")"),"ZeroO") -> ZeroO | J15: =IFERROR(__xludf.DUMMYFUNCTION("IFERROR(TRIM(INDEX(SPLIT(E15,"" + ""),3)),"""")"),"") | K15: =IFERROR(__xludf.DUMMYFUNCTION("IFERROR(IF(H15="""",0,INDEX(FILTER($Q$2:Q14,$C$2:C14=H15,$G$2:G14=G15),ROWS(FILTER($Q$2:Q14,$C$2:C14=H15,$G$2:G14=G15)),1)),1500)"),1517.0) -> 1517 | L15: =IFERROR(__xludf.DUMMYFUNCTION("IFERROR(IF(I15="""",0,INDEX(FILTER($Q$2:Q14,$C$2:C14=I15,$G$2:G14=G15),ROWS(FILTER($Q$2:Q14,$C$2:C14=I15,$G$2:G14=G15)),1)),1500)"),1517.0) -> 1517 | M15: =IFERROR(__xludf.DUMMYFUNCTION("IFERROR(IF(J15="""",0,INDEX(FILTER($Q$2:Q14,$C$2:C14=J15,$G$2:G14=G15),ROWS(FILTER($Q$2:Q14,$C$2:C14=J15,$G$2:G14=G15)),1)),1500)"),0.0) -> 0 | N15: =IFERROR(__xludf.DUMMYFUNCTION("IFERROR(INDEX(FILTER($Q$2:Q14,$C$2:C14=C15,$G$2:G14=G15),ROWS(FILTER($Q$2:Q14,$C$2:C14=C15,$G$2:G14=G15)),1),1500)"),1483.0) -> 1483 | O15: =IF(M15>0,(K15+L15+M15)/3,IF(L15>0,(K15+L15)/2,K15)) -> 1517 | P15: =ROUND(32*(IF(F15="win",1,0)-1/(1+10^((O15-N15)/400))),0) -> -14 | Q15: =N15+P15 -> 1469
A16: =IFERROR(__xludf.DUMMYFUNCTION("""COMPUTED_VALUE"""),"1D-sEyHaHbPxuKve7zodNkjp0qyQS_8Ft") -> 1D-sEyHaHbPxuKve7zodNkjp0qyQS_8Ft | B16: =IFERROR(__xludf.DUMMYFUNCTION("""COMPUTED_VALUE"""),45976.0) -> 45976 | C16: =IFERROR(__xludf.DUMMYFUNCTION("""COMPUTED_VALUE"""),"ZeroO") -> ZeroO | D16: =IFERROR(__xludf.DUMMYFUNCTION("""COMPUTED_VALUE"""),"Nebus. + ZeroO") -> Nebus. + ZeroO | E16: =IFERROR(__xludf.DUMMYFUNCTION("""COMPUTED_VALUE"""),"Kesny + Malena") -> Kesny + Malena | F16: =IFERROR(__xludf.DUMMYFUNCTION("""COMPUTED_VALUE"""),"win") -> win | G16: =IFERROR(__xludf.DUMMYFUNCTION("""COMPUTED_VALUE"""),"2v2") -> 2v2 | H16: =IFERROR(__xludf.DUMMYFUNCTION("IFERROR(TRIM(INDEX(SPLIT(E16,"" + ""),1)),"""")"),"Kesny") -> Kesny | I16: =IFERROR(__xludf.DUMMYFUNCTION("IFERROR(TRIM(INDEX(SPLIT(E16,"" + ""),2)),"""")"),"Malena") -> Malena | J16: =IFERROR(__xludf.DUMMYFUNCTION("IFERROR(TRIM(INDEX(SPLIT(E16,"" + ""),3)),"""")"),"") | K16: =IFERROR(__xludf.DUMMYFUNCTION("IFERROR(IF(H16="""",0,INDEX(FILTER($Q$2:Q15,$C$2:C15=H16,$G$2:G15=G16),ROWS(FILTER($Q$2:Q15,$C$2:C15=H16,$G$2:G15=G16)),1)),1500)"),1469.0) -> 1469 | L16: =IFERROR(__xludf.DUMMYFUNCTION("IFERROR(IF(I16="""",0,INDEX(FILTER($Q$2:Q15,$C$2:C15=I16,$G$2:G15=G16),ROWS(FILTER($Q$2:Q15,$C$2:C15=I16,$G$2:G15=G16)),1)),1500)"),1469.0) -> 1469 | M16: =IFERROR(__xludf.DUMMYFUNCTION("IFERROR(IF(J16="""",0,INDEX(FILTER($Q$2:Q15,$C$2:C15=J16,$G$2:G15=G16),ROWS(FILTER($Q$2:Q15,$C$2:C15=J16,$G$2:G15=G16)),1)),1500)"),0.0) -> 0 | N16: =IFERROR(__xludf.DUMMYFUNCTION("IFERROR(INDEX(FILTER($Q$2:Q15,$C$2:C15=C16,$G$2:G15=G16),ROWS(FILTER($Q$2:Q15,$C$2:C15=C16,$G$2:G15=G16)),1),1500)"),1517.0) -> 1517 | O16: =IF(M16>0,(K16+L16+M16)/3,IF(L16>0,(K16+L16)/2,K16)) -> 1469 | P16: =ROUND(32*(IF(F16="win",1,0)-1/(1+10^((O16-N16)/400))),0) -> 14 | Q16: =N16+P16 -> 1531
A17: =IFERROR(__xludf.DUMMYFUNCTION("""COMPUTED_VALUE"""),"1D-sEyHaHbPxuKve7zodNkjp0qyQS_8Ft") -> 1D-sEyHaHbPxuKve7zodNkjp0qyQS_8Ft | B17: =IFERROR(__xludf.DUMMYFUNCTION("""COMPUTED_VALUE"""),45976.0) -> 45976 | C17: =IFERROR(__xludf.DUMMYFUNCTION("""COMPUTED_VALUE"""),"Nebus.") -> Nebus. | D17: =IFERROR(__xludf.DUMMYFUNCTION("""COMPUTED_VALUE"""),"Nebus. + ZeroO") -> Nebus. + ZeroO | E17: =IFERROR(__xludf.DUMMYFUNCTION("""COMPUTED_VALUE"""),"Kesny + Malena") -> Kesny + Malena | F17: =IFERROR(__xludf.DUMMYFUNCTION("""COMPUTED_VALUE"""),"win") -> win | G17: =IFERROR(__xludf.DUMMYFUNCTION("""COMPUTED_VALUE"""),"2v2") -> 2v2 | H17: =IFERROR(__xludf.DUMMYFUNCTION("IFERROR(TRIM(INDEX(SPLIT(E17,"" + ""),1)),"""")"),"Kesny") -> Kesny | I17: =IFERROR(__xludf.DUMMYFUNCTION("IFERROR(TRIM(INDEX(SPLIT(E17,"" + ""),2)),"""")"),"Malena") -> Malena | J17: =IFERROR(__xludf.DUMMYFUNCTION("IFERROR(TRIM(INDEX(SPLIT(E17,"" + ""),3)),"""")"),"") | K17: =IFERROR(__xludf.DUMMYFUNCTION("IFERROR(IF(H17="""",0,INDEX(FILTER($Q$2:Q16,$C$2:C16=H17,$G$2:G16=G17),ROWS(FILTER($Q$2:Q16,$C$2:C16=H17,$G$2:G16=G17)),1)),1500)"),1469.0) -> 1469 | L17: =IFERROR(__xludf.DUMMYFUNCTION("IFERROR(IF(I17="""",0,INDEX(FILTER($Q$2:Q16,$C$2:C16=I17,$G$2:G16=G17),ROWS(FILTER($Q$2:Q16,$C$2:C16=I17,$G$2:G16=G17)),1)),1500)"),1469.0) -> 1469 | M17: =IFERROR(__xludf.DUMMYFUNCTION("IFERROR(IF(J17="""",0,INDEX(FILTER($Q$2:Q16,$C$2:C16=J17,$G$2:G16=G17),ROWS(FILTER($Q$2:Q16,$C$2:C16=J17,$G$2:G16=G17)),1)),1500)"),0.0) -> 0 | N17: =IFERROR(__xludf.DUMMYFUNCTION("IFERROR(INDEX(FILTER($Q$2:Q16,$C$2:C16=C17,$G$2:G16=G17),ROWS(FILTER($Q$2:Q16,$C$2:C16=C17,$G$2:G16=G17)),1),1500)"),1517.0) -> 1517 | O17: =IF(M17>0,(K17+L17+M17)/3,IF(L17>0,(K17+L17)/2,K17)) -> 1469 | P17: =ROUND(32*(IF(F17="win",1,0)-1/(1+10^((O17-N17)/400))),0) -> 14 | Q17: =N17+P17 -> 1531
A18: =IFERROR(__xludf.DUMMYFUNCTION("""COMPUTED_VALUE"""),"1v2C8p7sbgHIhu36PJV1BHt_a3hhLiFXR") -> 1v2C8p7sbgHIhu36PJV1BHt_a3hhLiFXR | B18: =IFERROR(__xludf.DUMMYFUNCTION("""COMPUTED_VALUE"""),45976.0) -> 45976 | C18: =IFERROR(__xludf.DUMMYFUNCTION("""COMPUTED_VALUE"""),"Nebus.") -> Nebus. | D18: =IFERROR(__xludf.DUMMYFUNCTION("""COMPUTED_VALUE"""),"Malena + Nebus.") -> Malena + Nebus. | E18: =IFERROR(__xludf.DUMMYFUNCTION("""COMPUTED_VALUE"""),"Kesny + ZeroO") -> Kesny + ZeroO | F18: =IFERROR(__xludf.DUMMYFUNCTION("""COMPUTED_VALUE"""),"loss") -> loss | G18: =IFERROR(__xludf.DUMMYFUNCTION("""COMPUTED_VALUE"""),"2v2") -> 2v2 | H18: =IFERROR(__xludf.DUMMYFUNCTION("IFERROR(TRIM(INDEX(SPLIT(E18,"" + ""),1)),"""")"),"Kesny") -> Kesny | I18: =IFERROR(__xludf.DUMMYFUNCTION("IFERROR(TRIM(INDEX(SPLIT(E18,"" + ""),2)),"""")"),"ZeroO") -> ZeroO | J18: =IFERROR(__xludf.DUMMYFUNCTION("IFERROR(TRIM(INDEX(SPLIT(E18,"" + ""),3)),"""")"),"") | K18: =IFERROR(__xludf.DUMMYFUNCTION("IFERROR(IF(H18="""",0,INDEX(FILTER($Q$2:Q17,$C$2:C17=H18,$G$2:G17=G18),ROWS(FILTER($Q$2:Q17,$C$2:C17=H18,$G$2:G17=G18)),1)),1500)"),1469.0) -> 1469 | L18: =IFERROR(__xludf.DUMMYFUNCTION("IFERROR(IF(I18="""",0,INDEX(FILTER($Q$2:Q17,$C$2:C17=I18,$G$2:G17=G18),ROWS(FILTER($Q$2:Q17,$C$2:C17=I18,$G$2:G17=G18)),1)),1500)"),1531.0) -> 1531 | M18: =IFERROR(__xludf.DUMMYFUNCTION("IFERROR(IF(J18="""",0,INDEX(FILTER($Q$2:Q17,$C$2:C17=J18,$G$2:G17=G18),ROWS(FILTER($Q$2:Q17,$C$2:C17=J18,$G$2:G17=G18)),1)),1500)"),0.0) -> 0 | N18: =IFERROR(__xludf.DUMMYFUNCTION("IFERROR(INDEX(FILTER($Q$2:Q17,$C$2:C17=C18,$G$2:G17=G18),ROWS(FILTER($Q$2:Q17,$C$2:C17=C18,$G$2:G17=G18)),1),1500)"),1531.0) -> 1531 | O18: =IF(M18>0,(K18+L18+M18)/3,IF(L18>0,(K18+L18)/2,K18)) -> 1500 | P18: =ROUND(32*(IF(F18="win",1,0)-1/(1+10^((O18-N18)/400))),0) -> -17 | Q18: =N18+P18 -> 1514
A19: =IFERROR(__xludf.DUMMYFUNCTION("""COMPUTED_VALUE"""),"1v2C8p7sbgHIhu36PJV1BHt_a3hhLiFXR") -> 1v2C8p7sbgHIhu36PJV1BHt_a3hhLiFXR | B19: =IFERROR(__xludf.DUMMYFUNCTION("""COMPUTED_VALUE"""),45976.0) -> 45976 | C19: =IFERROR(__xludf.DUMMYFUNCTION("""COMPUTED_VALUE"""),"Malena") -> Malena | D19: =IFERROR(__xludf.DUMMYFUNCTION("""COMPUTED_VALUE"""),"Malena + Nebus.") -> Malena + Nebus. | E19: =IFERROR(__xludf.DUMMYFUNCTION("""COMPUTED_VALUE"""),"Kesny + ZeroO") -> Kesny + ZeroO | F19: =IFERROR(__xludf.DUMMYFUNCTION("""COMPUTED_VALUE"""),"loss") -> loss | G19: =IFERROR(__xludf.DUMMYFUNCTION("""COMPUTED_VALUE"""),"2v2") -> 2v2 | H19: =IFERROR(__xludf.DUMMYFUNCTION("IFERROR(TRIM(INDEX(SPLIT(E19,"" + ""),1)),"""")"),"Kesny") -> Kesny | I19: =IFERROR(__xludf.DUMMYFUNCTION("IFERROR(TRIM(INDEX(SPLIT(E19,"" + ""),2)),"""")"),"ZeroO") -> ZeroO | J19: =IFERROR(__xludf.DUMMYFUNCTION("IFERROR(TRIM(INDEX(SPLIT(E19,"" + ""),3)),"""")"),"") | K19: =IFERROR(__xludf.DUMMYFUNCTION("IFERROR(IF(H19="""",0,INDEX(FILTER($Q$2:Q18,$C$2:C18=H19,$G$2:G18=G19),ROWS(FILTER($Q$2:Q18,$C$2:C18=H19,$G$2:G18=G19)),1)),1500)"),1469.0) -> 1469 | L19: =IFERROR(__xludf.DUMMYFUNCTION("IFERROR(IF(I19="""",0,INDEX(FILTER($Q$2:Q18,$C$2:C18=I19,$G$2:G18=G19),ROWS(FILTER($Q$2:Q18,$C$2:C18=I19,$G$2:G18=G19)),1)),1500)"),1531.0) -> 1531 | M19: =IFERROR(__xludf.DUMMYFUNCTION("IFERROR(IF(J19="""",0,INDEX(FILTER($Q$2:Q18,$C$2:C18=J19,$G$2:G18=G19),ROWS(FILTER($Q$2:Q18,$C$2:C18=J19,$G$2:G18=G19)),1)),1500)"),0.0) -> 0 | N19: =IFERROR(__xludf.DUMMYFUNCTION("IFERROR(INDEX(FILTER($Q$2:Q18,$C$2:C18=C19,$G$2:G18=G19),ROWS(FILTER($Q$2:Q18,$C$2:C18=C19,$G$2:G18=G19)),1),1500)"),1469.0) -> 1469 | O19: =IF(M19>0,(K19+L19+M19)/3,IF(L19>0,(K19+L19)/2,K19)) -> 1500 | P19: =ROUND(32*(IF(F19="win",1,0)-1/(1+10^((O19-N19)/400))),0) -> -15 | Q19: =N19+P19 -> 1454
A20: =IFERROR(__xludf.DUMMYFUNCTION("""COMPUTED_VALUE"""),"1v2C8p7sbgHIhu36PJV1BHt_a3hhLiFXR") -> 1v2C8p7sbgHIhu36PJV1BHt_a3hhLiFXR | B20: =IFERROR(__xludf.DUMMYFUNCTION("""COMPUTED_VALUE"""),45976.0) -> 45976 | C20: =IFERROR(__xludf.DUMMYFUNCTION("""COMPUTED_VALUE"""),"Kesny") -> Kesny | D20: =IFERROR(__xludf.DUMMYFUNCTION("""COMPUTED_VALUE"""),"Kesny + ZeroO") -> Kesny + ZeroO | E20: =IFERROR(__xludf.DUMMYFUNCTION("""COMPUTED_VALUE"""),"Malena + Nebus.") -> Malena + Nebus. | F20: =IFERROR(__xludf.DUMMYFUNCTION("""COMPUTED_VALUE"""),"win") -> win | G20: =IFERROR(__xludf.DUMMYFUNCTION("""COMPUTED_VALUE"""),"2v2") -> 2v2 | H20: =IFERROR(__xludf.DUMMYFUNCTION("IFERROR(TRIM(INDEX(SPLIT(E20,"" + ""),1)),"""")"),"Malena") -> Malena | I20: =IFERROR(__xludf.DUMMYFUNCTION("IFERROR(TRIM(INDEX(SPLIT(E20,"" + ""),2)),"""")"),"Nebus.") -> Nebus. | J20: =IFERROR(__xludf.DUMMYFUNCTION("IFERROR(TRIM(INDEX(SPLIT(E20,"" + ""),3)),"""")"),"") | K20: =IFERROR(__xludf.DUMMYFUNCTION("IFERROR(IF(H20="""",0,INDEX(FILTER($Q$2:Q19,$C$2:C19=H20,$G$2:G19=G20),ROWS(FILTER($Q$2:Q19,$C$2:C19=H20,$G$2:G19=G20)),1)),1500)"),1454.0) -> 1454 | L20: =IFERROR(__xludf.DUMMYFUNCTION("IFERROR(IF(I20="""",0,INDEX(FILTER($Q$2:Q19,$C$2:C19=I20,$G$2:G19=G20),ROWS(FILTER($Q$2:Q19,$C$2:C19=I20,$G$2:G19=G20)),1)),1500)"),1514.0) -> 1514 | M20: =IFERROR(__xludf.DUMMYFUNCTION("IFERROR(IF(J20="""",0,INDEX(FILTER($Q$2:Q19,$C$2:C19=J20,$G$2:G19=G20),ROWS(FILTER($Q$2:Q19,$C$2:C19=J20,$G$2:G19=G20)),1)),1500)"),0.0) -> 0 | N20: =IFERROR(__xludf.DUMMYFUNCTION("IFERROR(INDEX(FILTER($Q$2:Q19,$C$2:C19=C20,$G$2:G19=G20),ROWS(FILTER($Q$2:Q19,$C$2:C19=C20,$G$2:G19=G20)),1),1500)"),1469.0) -> 1469 | O20: =IF(M20>0,(K20+L20+M20)/3,IF(L20>0,(K20+L20)/2,K20)) -> 1484 | P20: =ROUND(32*(IF(F20="win",1,0)-1/(1+10^((O20-N20)/400))),0) -> 17 | Q20: =N20+P20 -> 1486
A21: =IFERROR(__xludf.DUMMYFUNCTION("""COMPUTED_VALUE"""),"1v2C8p7sbgHIhu36PJV1BHt_a3hhLiFXR") -> 1v2C8p7sbgHIhu36PJV1BHt_a3hhLiFXR | B21: =IFERROR(__xludf.DUMMYFUNCTION("""COMPUTED_VALUE"""),45976.0) -> 45976 | C21: =IFERROR(__xludf.DUMMYFUNCTION("""COMPUTED_VALUE"""),"ZeroO") -> ZeroO | D21: =IFERROR(__xludf.DUMMYFUNCTION("""COMPUTED_VALUE"""),"Kesny + ZeroO") -> Kesny + ZeroO | E21: =IFERROR(__xludf.DUMMYFUNCTION("""COMPUTED_VALUE"""),"Malena + Nebus.") -> Malena + Nebus. | F21: =IFERROR(__xludf.DUMMYFUNCTION("""COMPUTED_VALUE"""),"win") -> win | G21: =IFERROR(__xludf.DUMMYFUNCTION("""COMPUTED_VALUE"""),"2v2") -> 2v2 | H21: =IFERROR(__xludf.DUMMYFUNCTION("IFERROR(TRIM(INDEX(SPLIT(E21,"" + ""),1)),"""")"),"Malena") -> Malena | I21: =IFERROR(__xludf.DUMMYFUNCTION("IFERROR(TRIM(INDEX(SPLIT(E21,"" + ""),2)),"""")"),"Nebus.") -> Nebus. | J21: =IFERROR(__xludf.DUMMYFUNCTION("IFERROR(TRIM(INDEX(SPLIT(E21,"" + ""),3)),"""")"),"") | K21: =IFERROR(__xludf.DUMMYFUNCTION("IFERROR(IF(H21="""",0,INDEX(FILTER($Q$2:Q20,$C$2:C20=H21,$G$2:G20=G21),ROWS(FILTER($Q$2:Q20,$C$2:C20=H21,$G$2:G20=G21)),1)),1500)"),1454.0) -> 1454 | L21: =IFERROR(__xludf.DUMMYFUNCTION("IFERROR(IF(I21="""",0,INDEX(FILTER($Q$2:Q20,$C$2:C20=I21,$G$2:G20=G21),ROWS(FILTER($Q$2:Q20,$C$2:C20=I21,$G$2:G20=G21)),1)),1500)"),1514.0) -> 1514 | M21: =IFERROR(__xludf.DUMMYFUNCTION("IFERROR(IF(J21="""",0,INDEX(FILTER($Q$2:Q20,$C$2:C20=J21,$G$2:G20=G21),ROWS(FILTER($Q$2:Q20,$C$2:C20=J21,$G$2:G20=G21)),1)),1500)"),0.0) -> 0 | N21: =IFERROR(__xludf.DUMMYFUNCTION("IFERROR(INDEX(FILTER($Q$2:Q20,$C$2:C20=C21,$G$2:G20=G21),ROWS(FILTER($Q$2:Q20,$C$2:C20=C21,$G$2:G20=G21)),1),1500)"),1531.0) -> 1531 | O21: =IF(M21>0,(K21+L21+M21)/3,IF(L21>0,(K21+L21)/2,K21)) -> 1484 | P21: =ROUND(32*(IF(F21="win",1,0)-1/(1+10^((O21-N21)/400))),0) -> 14 | Q21: =N21+P21 -> 1545
A22: =IFERROR(__xludf.DUMMYFUNCTION("""COMPUTED_VALUE"""),"1As2GAOMVmHmrfefGtl6MVT-1QggnVRCq") -> 1As2GAOMVmHmrfefGtl6MVT-1QggnVRCq | B22: =IFERROR(__xludf.DUMMYFUNCTION("""COMPUTED_VALUE"""),45976.0) -> 45976 | C22: =IFERROR(__xludf.DUMMYFUNCTION("""COMPUTED_VALUE"""),"Nebus.") -> Nebus. | D22: =IFERROR(__xludf.DUMMYFUNCTION("""COMPUTED_VALUE"""),"Malena + Nebus.") -> Malena + Nebus. | E22: =IFERROR(__xludf.DUMMYFUNCTION("""COMPUTED_VALUE"""),"Kesny + ZeroO") -> Kesny + ZeroO | F22: =IFERROR(__xludf.DUMMYFUNCTION("""COMPUTED_VALUE"""),"loss") -> loss | G22: =IFERROR(__xludf.DUMMYFUNCTION("""COMPUTED_VALUE"""),"2v2") -> 2v2 | H22: =IFERROR(__xludf.DUMMYFUNCTION("IFERROR(TRIM(INDEX(SPLIT(E22,"" + ""),1)),"""")"),"Kesny") -> Kesny | I22: =IFERROR(__xludf.DUMMYFUNCTION("IFERROR(TRIM(INDEX(SPLIT(E22,"" + ""),2)),"""")"),"ZeroO") -> ZeroO | J22: =IFERROR(__xludf.DUMMYFUNCTION("IFERROR(TRIM(INDEX(SPLIT(E22,"" + ""),3)),"""")"),"") | K22: =IFERROR(__xludf.DUMMYFUNCTION("IFERROR(IF(H22="""",0,INDEX(FILTER($Q$2:Q21,$C$2:C21=H22,$G$2:G21=G22),ROWS(FILTER($Q$2:Q21,$C$2:C21=H22,$G$2:G21=G22)),1)),1500)"),1486.0) -> 1486 | L22: =IFERROR(__xludf.DUMMYFUNCTION("IFERROR(IF(I22="""",0,INDEX(FILTER($Q$2:Q21,$C$2:C21=I22,$G$2:G21=G22),ROWS(FILTER($Q$2:Q21,$C$2:C21=I22,$G$2:G21=G22)),1)),1500)"),1545.0) -> 1545 | M22: =IFERROR(__xludf.DUMMYFUNCTION("IFERROR(IF(J22="""",0,INDEX(FILTER($Q$2:Q21,$C$2:C21=J22,$G$2:G21=G22),ROWS(FILTER($Q$2:Q21,$C$2:C21=J22,$G$2:G21=G22)),1)),1500)"),0.0) -> 0 | N22: =IFERROR(__xludf.DUMMYFUNCTION("IFERROR(INDEX(FILTER($Q$2:Q21,$C$2:C21=C22,$G$2:G21=G22),ROWS(FILTER($Q$2:Q21,$C$2:C21=C22,$G$2:G21=G22)),1),1500)"),1514.0) -> 1514 | O22: =IF(M22>0,(K22+L22+M22)/3,IF(L22>0,(K22+L22)/2,K22)) -> 1515.5 | P22: =ROUND(32*(IF(F22="win",1,0)-1/(1+10^((O22-N22)/400))),0) -> -16 | Q22: =N22+P22 -> 1498
A23: =IFERROR(__xludf.DUMMYFUNCTION("""COMPUTED_VALUE"""),"1As2GAOMVmHmrfefGtl6MVT-1QggnVRCq") -> 1As2GAOMVmHmrfefGtl6MVT-1QggnVRCq | B23: =IFERROR(__xludf.DUMMYFUNCTION("""COMPUTED_VALUE"""),45976.0) -> 45976 | C23: =IFERROR(__xludf.DUMMYFUNCTION("""COMPUTED_VALUE"""),"Malena") -> Malena | D23: =IFERROR(__xludf.DUMMYFUNCTION("""COMPUTED_VALUE"""),"Malena + Nebus.") -> Malena + Nebus. | E23: =IFERROR(__xludf.DUMMYFUNCTION("""COMPUTED_VALUE"""),"Kesny + ZeroO") -> Kesny + ZeroO | F23: =IFERROR(__xludf.DUMMYFUNCTION("""COMPUTED_VALUE"""),"loss") -> loss | G23: =IFERROR(__xludf.DUMMYFUNCTION("""COMPUTED_VALUE"""),"2v2") -> 2v2 | H23: =IFERROR(__xludf.DUMMYFUNCTION("IFERROR(TRIM(INDEX(SPLIT(E23,"" + ""),1)),"""")"),"Kesny") -> Kesny | I23: =IFERROR(__xludf.DUMMYFUNCTION("IFERROR(TRIM(INDEX(SPLIT(E23,"" + ""),2)),"""")"),"ZeroO") -> ZeroO | J23: =IFERROR(__xludf.DUMMYFUNCTION("IFERROR(TRIM(INDEX(SPLIT(E23,"" + ""),3)),"""")"),"") | K23: =IFERROR(__xludf.DUMMYFUNCTION("IFERROR(IF(H23="""",0,INDEX(FILTER($Q$2:Q22,$C$2:C22=H23,$G$2:G22=G23),ROWS(FILTER($Q$2:Q22,$C$2:C22=H23,$G$2:G22=G23)),1)),1500)"),1486.0) -> 1486 | L23: =IFERROR(__xludf.DUMMYFUNCTION("IFERROR(IF(I23="""",0,INDEX(FILTER($Q$2:Q22,$C$2:C22=I23,$G$2:G22=G23),ROWS(FILTER($Q$2:Q22,$C$2:C22=I23,$G$2:G22=G23)),1)),1500)"),1545.0) -> 1545 | M23: =IFERROR(__xludf.DUMMYFUNCTION("IFERROR(IF(J23="""",0,INDEX(FILTER($Q$2:Q22,$C$2:C22=J23,$G$2:G22=G23),ROWS(FILTER($Q$2:Q22,$C$2:C22=J23,$G$2:G22=G23)),1)),1500)"),0.0) -> 0 | N23: =IFERROR(__xludf.DUMMYFUNCTION("IFERROR(INDEX(FILTER($Q$2:Q22,$C$2:C22=C23,$G$2:G22=G23),ROWS(FILTER($Q$2:Q22,$C$2:C22=C23,$G$2:G22=G23)),1),1500)"),1454.0) -> 1454 | O23: =IF(M23>0,(K23+L23+M23)/3,IF(L23>0,(K23+L23)/2,K23)) -> 1515.5 | P23: =ROUND(32*(IF(F23="win",1,0)-1/(1+10^((O23-N23)/400))),0) -> -13 | Q23: =N23+P23 -> 1441
A24: =IFERROR(__xludf.DUMMYFUNCTION("""COMPUTED_VALUE"""),"1As2GAOMVmHmrfefGtl6MVT-1QggnVRCq") -> 1As2GAOMVmHmrfefGtl6MVT-1QggnVRCq | B24: =IFERROR(__xludf.DUMMYFUNCTION("""COMPUTED_VALUE"""),45976.0) -> 45976 | C24: =IFERROR(__xludf.DUMMYFUNCTION("""COMPUTED_VALUE"""),"Kesny") -> Kesny | D24: =IFERROR(__xludf.DUMMYFUNCTION("""COMPUTED_VALUE"""),"Kesny + ZeroO") -> Kesny + ZeroO | E24: =IFERROR(__xludf.DUMMYFUNCTION("""COMPUTED_VALUE"""),"Malena + Nebus.") -> Malena + Nebus. | F24: =IFERROR(__xludf.DUMMYFUNCTION("""COMPUTED_VALUE"""),"win") -> win | G24: =IFERROR(__xludf.DUMMYFUNCTION("""COMPUTED_VALUE"""),"2v2") -> 2v2 | H24: =IFERROR(__xludf.DUMMYFUNCTION("IFERROR(TRIM(INDEX(SPLIT(E24,"" + ""),1)),"""")"),"Malena") -> Malena | I24: =IFERROR(__xludf.DUMMYFUNCTION("IFERROR(TRIM(INDEX(SPLIT(E24,"" + ""),2)),"""")"),"Nebus.") -> Nebus. | J24: =IFERROR(__xludf.DUMMYFUNCTION("IFERROR(TRIM(INDEX(SPLIT(E24,"" + ""),3)),"""")"),"") | K24: =IFERROR(__xludf.DUMMYFUNCTION("IFERROR(IF(H24="""",0,INDEX(FILTER($Q$2:Q23,$C$2:C23=H24,$G$2:G23=G24),ROWS(FILTER($Q$2:Q23,$C$2:C23=H24,$G$2:G23=G24)),1)),1500)"),1441.0) -> 1441 | L24: =IFERROR(__xludf.DUMMYFUNCTION("IFERROR(IF(I24="""",0,INDEX(FILTER($Q$2:Q23,$C$2:C23=I24,$G$2:G23=G24),ROWS(FILTER($Q$2:Q23,$C$2:C23=I24,$G$2:G23=G24)),1)),1500)"),1498.0) -> 1498 | M24: =IFERROR(__xludf.DUMMYFUNCTION("IFERROR(IF(J24="""",0,INDEX(FILTER($Q$2:Q23,$C$2:C23=J24,$G$2:G23=G24),ROWS(FILTER($Q$2:Q23,$C$2:C23=J24,$G$2:G23=G24)),1)),1500)"),0.0) -> 0 | N24: =IFERROR(__xludf.DUMMYFUNCTION("IFERROR(INDEX(FILTER($Q$2:Q23,$C$2:C23=C24,$G$2:G23=G24),ROWS(FILTER($Q$2:Q23,$C$2:C23=C24,$G$2:G23=G24)),1),1500)"),1486.0) -> 1486 | O24: =IF(M24>0,(K24+L24+M24)/3,IF(L24>0,(K24+L24)/2,K24)) -> 1469.5 | P24: =ROUND(32*(IF(F24="win",1,0)-1/(1+10^((O24-N24)/400))),0) -> 15 | Q24: =N24+P24 -> 1501
A25: =IFERROR(__xludf.DUMMYFUNCTION("""COMPUTED_VALUE"""),"1As2GAOMVmHmrfefGtl6MVT-1QggnVRCq") -> 1As2GAOMVmHmrfefGtl6MVT-1QggnVRCq | B25: =IFERROR(__xludf.DUMMYFUNCTION("""COMPUTED_VALUE"""),45976.0) -> 45976 | C25: =IFERROR(__xludf.DUMMYFUNCTION("""COMPUTED_VALUE"""),"ZeroO") -> ZeroO | D25: =IFERROR(__xludf.DUMMYFUNCTION("""COMPUTED_VALUE"""),"Kesny + ZeroO") -> Kesny + ZeroO | E25: =IFERROR(__xludf.DUMMYFUNCTION("""COMPUTED_VALUE"""),"Malena + Nebus.") -> Malena + Nebus. | F25: =IFERROR(__xludf.DUMMYFUNCTION("""COMPUTED_VALUE"""),"win") -> win | G25: =IFERROR(__xludf.DUMMYFUNCTION("""COMPUTED_VALUE"""),"2v2") -> 2v2 | H25: =IFERROR(__xludf.DUMMYFUNCTION("IFERROR(TRIM(INDEX(SPLIT(E25,"" + ""),1)),"""")"),"Malena") -> Malena | I25: =IFERROR(__xludf.DUMMYFUNCTION("IFERROR(TRIM(INDEX(SPLIT(E25,"" + ""),2)),"""")"),"Nebus.") -> Nebus. | J25: =IFERROR(__xludf.DUMMYFUNCTION("IFERROR(TRIM(INDEX(SPLIT(E25,"" + ""),3)),"""")"),"") | K25: =IFERROR(__xludf.DUMMYFUNCTION("IFERROR(IF(H25="""",0,INDEX(FILTER($Q$2:Q24,$C$2:C24=H25,$G$2:G24=G25),ROWS(FILTER($Q$2:Q24,$C$2:C24=H25,$G$2:G24=G25)),1)),1500)"),1441.0) -> 1441 | L25: =IFERROR(__xludf.DUMMYFUNCTION("IFERROR(IF(I25="""",0,INDEX(FILTER($Q$2:Q24,$C$2:C24=I25,$G$2:G24=G25),ROWS(FILTER($Q$2:Q24,$C$2:C24=I25,$G$2:G24=G25)),1)),1500)"),1498.0) -> 1498 | M25: =IFERROR(__xludf.DUMMYFUNCTION("IFERROR(IF(J25="""",0,INDEX(FILTER($Q$2:Q24,$C$2:C24=J25,$G$2:G24=G25),ROWS(FILTER($Q$2:Q24,$C$2:C24=J25,$G$2:G24=G25)),1)),1500)"),0.0) -> 0 | N25: =IFERROR(__xludf.DUMMYFUNCTION("IFERROR(INDEX(FILTER($Q$2:Q24,$C$2:C24=C25,$G$2:G24=G25),ROWS(FILTER($Q$2:Q24,$C$2:C24=C25,$G$2:G24=G25)),1),1500)"),1545.0) -> 1545 | O25: =IF(M25>0,(K25+L25+M25)/3,IF(L25>0,(K25+L25)/2,K25)) -> 1469.5 | P25: =ROUND(32*(IF(F25="win",1,0)-1/(1+10^((O25-N25)/400))),0) -> 13 | Q25: =N25+P25 -> 1558
A26: =IFERROR(__xludf.DUMMYFUNCTION("""COMPUTED_VALUE"""),"1rz8-Icsok4sE9EtZYW3DoWFskZJYNl_w") -> 1rz8-Icsok4sE9EtZYW3DoWFskZJYNl_w | B26: =IFERROR(__xludf.DUMMYFUNCTION("""COMPUTED_VALUE"""),45976.0) -> 45976 | C26: =IFERROR(__xludf.DUMMYFUNCTION("""COMPUTED_VALUE"""),"Malena") -> Malena | D26: =IFERROR(__xludf.DUMMYFUNCTION("""COMPUTED_VALUE"""),"Malena + Tess1509") -> Malena + Tess1509 | E26: =IFERROR(__xludf.DUMMYFUNCTION("""COMPUTED_VALUE"""),"Nebus. + ZeroO") -> Nebus. + ZeroO | F26: =IFERROR(__xludf.DUMMYFUNCTION("""COMPUTED_VALUE"""),"loss") -> loss | G26: =IFERROR(__xludf.DUMMYFUNCTION("""COMPUTED_VALUE"""),"2v2") -> 2v2 | H26: =IFERROR(__xludf.DUMMYFUNCTION("IFERROR(TRIM(INDEX(SPLIT(E26,"" + ""),1)),"""")"),"Nebus.") -> Nebus. | I26: =IFERROR(__xludf.DUMMYFUNCTION("IFERROR(TRIM(INDEX(SPLIT(E26,"" + ""),2)),"""")"),"ZeroO") -> ZeroO | J26: =IFERROR(__xludf.DUMMYFUNCTION("IFERROR(TRIM(INDEX(SPLIT(E26,"" + ""),3)),"""")"),"") | K26: =IFERROR(__xludf.DUMMYFUNCTION("IFERROR(IF(H26="""",0,INDEX(FILTER($Q$2:Q25,$C$2:C25=H26,$G$2:G25=G26),ROWS(FILTER($Q$2:Q25,$C$2:C25=H26,$G$2:G25=G26)),1)),1500)"),1498.0) -> 1498 | L26: =IFERROR(__xludf.DUMMYFUNCTION("IFERROR(IF(I26="""",0,INDEX(FILTER($Q$2:Q25,$C$2:C25=I26,$G$2:G25=G26),ROWS(FILTER($Q$2:Q25,$C$2:C25=I26,$G$2:G25=G26)),1)),1500)"),1558.0) -> 1558 | M26: =IFERROR(__xludf.DUMMYFUNCTION("IFERROR(IF(J26="""",0,INDEX(FILTER($Q$2:Q25,$C$2:C25=J26,$G$2:G25=G26),ROWS(FILTER($Q$2:Q25,$C$2:C25=J26,$G$2:G25=G26)),1)),1500)"),0.0) -> 0 | N26: =IFERROR(__xludf.DUMMYFUNCTION("IFERROR(INDEX(FILTER($Q$2:Q25,$C$2:C25=C26,$G$2:G25=G26),ROWS(FILTER($Q$2:Q25,$C$2:C25=C26,$G$2:G25=G26)),1),1500)"),1441.0) -> 1441 | O26: =IF(M26>0,(K26+L26+M26)/3,IF(L26>0,(K26+L26)/2,K26)) -> 1528 | P26: =ROUND(32*(IF(F26="win",1,0)-1/(1+10^((O26-N26)/400))),0) -> -12 | Q26: =N26+P26 -> 1429
A27: =IFERROR(__xludf.DUMMYFUNCTION("""COMPUTED_VALUE"""),"1rz8-Icsok4sE9EtZYW3DoWFskZJYNl_w") -> 1rz8-Icsok4sE9EtZYW3DoWFskZJYNl_w | B27: =IFERROR(__xludf.DUMMYFUNCTION("""COMPUTED_VALUE"""),45976.0) -> 45976 | C27: =IFERROR(__xludf.DUMMYFUNCTION("""COMPUTED_VALUE"""),"Tess1509") -> Tess1509 | D27: =IFERROR(__xludf.DUMMYFUNCTION("""COMPUTED_VALUE"""),"Malena + Tess1509") -> Malena + Tess1509 | E27: =IFERROR(__xludf.DUMMYFUNCTION("""COMPUTED_VALUE"""),"Nebus. + ZeroO") -> Nebus. + ZeroO | F27: =IFERROR(__xludf.DUMMYFUNCTION("""COMPUTED_VALUE"""),"loss") -> loss | G27: =IFERROR(__xludf.DUMMYFUNCTION("""COMPUTED_VALUE"""),"2v2") -> 2v2 | H27: =IFERROR(__xludf.DUMMYFUNCTION("IFERROR(TRIM(INDEX(SPLIT(E27,"" + ""),1)),"""")"),"Nebus.") -> Nebus. | I27: =IFERROR(__xludf.DUMMYFUNCTION("IFERROR(TRIM(INDEX(SPLIT(E27,"" + ""),2)),"""")"),"ZeroO") -> ZeroO | J27: =IFERROR(__xludf.DUMMYFUNCTION("IFERROR(TRIM(INDEX(SPLIT(E27,"" + ""),3)),"""")"),"") | K27: =IFERROR(__xludf.DUMMYFUNCTION("IFERROR(IF(H27="""",0,INDEX(FILTER($Q$2:Q26,$C$2:C26=H27,$G$2:G26=G27),ROWS(FILTER($Q$2:Q26,$C$2:C26=H27,$G$2:G26=G27)),1)),1500)"),1498.0) -> 1498 | L27: =IFERROR(__xludf.DUMMYFUNCTION("IFERROR(IF(I27="""",0,INDEX(FILTER($Q$2:Q26,$C$2:C26=I27,$G$2:G26=G27),ROWS(FILTER($Q$2:Q26,$C$2:C26=I27,$G$2:G26=G27)),1)),1500)"),1558.0) -> 1558 | M27: =IFERROR(__xludf.DUMMYFUNCTION("IFERROR(IF(J27="""",0,INDEX(FILTER($Q$2:Q26,$C$2:C26=J27,$G$2:G26=G27),ROWS(FILTER($Q$2:Q26,$C$2:C26=J27,$G$2:G26=G27)),1)),1500)"),0.0) -> 0 | N27: =IFERROR(__xludf.DUMMYFUNCTION("IFERROR(INDEX(FILTER($Q$2:Q26,$C$2:C26=C27,$G$2:G26=G27),ROWS(FILTER($Q$2:Q26,$C$2:C26=C27,$G$2:G26=G27)),1),1500)"),1500.0) -> 1500 | O27: =IF(M27>0,(K27+L27+M27)/3,IF(L27>0,(K27+L27)/2,K27)) -> 1528 | P27: =ROUND(32*(IF(F27="win",1,0)-1/(1+10^((O27-N27)/400))),0) -> -15 | Q27: =N27+P27 -> 1485
A28: =IFERROR(__xludf.DUMMYFUNCTION("""COMPUTED_VALUE"""),"1rz8-Icsok4sE9EtZYW3DoWFskZJYNl_w") -> 1rz8-Icsok4sE9EtZYW3DoWFskZJYNl_w | B28: =IFERROR(__xludf.DUMMYFUNCTION("""COMPUTED_VALUE"""),45976.0) -> 45976 | C28: =IFERROR(__xludf.DUMMYFUNCTION("""COMPUTED_VALUE"""),"ZeroO") -> ZeroO | D28: =IFERROR(__xludf.DUMMYFUNCTION("""COMPUTED_VALUE"""),"Nebus. + ZeroO") -> Nebus. + ZeroO | E28: =IFERROR(__xludf.DUMMYFUNCTION("""COMPUTED_VALUE"""),"Malena + Tess1509") -> Malena + Tess1509 | F28: =IFERROR(__xludf.DUMMYFUNCTION("""COMPUTED_VALUE"""),"win") -> win | G28: =IFERROR(__xludf.DUMMYFUNCTION("""COMPUTED_VALUE"""),"2v2") -> 2v2 | H28: =IFERROR(__xludf.DUMMYFUNCTION("IFERROR(TRIM(INDEX(SPLIT(E28,"" + ""),1)),"""")"),"Malena") -> Malena | I28: =IFERROR(__xludf.DUMMYFUNCTION("IFERROR(TRIM(INDEX(SPLIT(E28,"" + ""),2)),"""")"),"Tess1509") -> Tess1509 | J28: =IFERROR(__xludf.DUMMYFUNCTION("IFERROR(TRIM(INDEX(SPLIT(E28,"" + ""),3)),"""")"),"") | K28: =IFERROR(__xludf.DUMMYFUNCTION("IFERROR(IF(H28="""",0,INDEX(FILTER($Q$2:Q27,$C$2:C27=H28,$G$2:G27=G28),ROWS(FILTER($Q$2:Q27,$C$2:C27=H28,$G$2:G27=G28)),1)),1500)"),1429.0) -> 1429 | L28: =IFERROR(__xludf.DUMMYFUNCTION("IFERROR(IF(I28="""",0,INDEX(FILTER($Q$2:Q27,$C$2:C27=I28,$G$2:G27=G28),ROWS(FILTER($Q$2:Q27,$C$2:C27=I28,$G$2:G27=G28)),1)),1500)"),1485.0) -> 1485 | M28: =IFERROR(__xludf.DUMMYFUNCTION("IFERROR(IF(J28="""",0,INDEX(FILTER($Q$2:Q27,$C$2:C27=J28,$G$2:G27=G28),ROWS(FILTER($Q$2:Q27,$C$2:C27=J28,$G$2:G27=G28)),1)),1500)"),0.0) -> 0 | N28: =IFERROR(__xludf.DUMMYFUNCTION("IFERROR(INDEX(FILTER($Q$2:Q27,$C$2:C27=C28,$G$2:G27=G28),ROWS(FILTER($Q$2:Q27,$C$2:C27=C28,$G$2:G27=G28)),1),1500)"),1558.0) -> 1558 | O28: =IF(M28>0,(K28+L28+M28)/3,IF(L28>0,(K28+L28)/2,K28)) -> 1457 | P28: =ROUND(32*(IF(F28="win",1,0)-1/(1+10^((O28-N28)/400))),0) -> 11 | Q28: =N28+P28 -> 1569
A29: =IFERROR(__xludf.DUMMYFUNCTION("""COMPUTED_VALUE"""),"1rz8-Icsok4sE9EtZYW3DoWFskZJYNl_w") -> 1rz8-Icsok4sE9EtZYW3DoWFskZJYNl_w | B29: =IFERROR(__xludf.DUMMYFUNCTION("""COMPUTED_VALUE"""),45976.0) -> 45976 | C29: =IFERROR(__xludf.DUMMYFUNCTION("""COMPUTED_VALUE"""),"Nebus.") -> Nebus. | D29: =IFERROR(__xludf.DUMMYFUNCTION("""COMPUTED_VALUE"""),"Nebus. + ZeroO") -> Nebus. + ZeroO | E29: =IFERROR(__xludf.DUMMYFUNCTION("""COMPUTED_VALUE"""),"Malena + Tess1509") -> Malena + Tess1509 | F29: =IFERROR(__xludf.DUMMYFUNCTION("""COMPUTED_VALUE"""),"win") -> win | G29: =IFERROR(__xludf.DUMMYFUNCTION("""COMPUTED_VALUE"""),"2v2") -> 2v2 | H29: =IFERROR(__xludf.DUMMYFUNCTION("IFERROR(TRIM(INDEX(SPLIT(E29,"" + ""),1)),"""")"),"Malena") -> Malena | I29: =IFERROR(__xludf.DUMMYFUNCTION("IFERROR(TRIM(INDEX(SPLIT(E29,"" + ""),2)),"""")"),"Tess1509") -> Tess1509 | J29: =IFERROR(__xludf.DUMMYFUNCTION("IFERROR(TRIM(INDEX(SPLIT(E29,"" + ""),3)),"""")"),"") | K29: =IFERROR(__xludf.DUMMYFUNCTION("IFERROR(IF(H29="""",0,INDEX(FILTER($Q$2:Q28,$C$2:C28=H29,$G$2:G28=G29),ROWS(FILTER($Q$2:Q28,$C$2:C28=H29,$G$2:G28=G29)),1)),1500)"),1429.0) -> 1429 | L29: =IFERROR(__xludf.DUMMYFUNCTION("IFERROR(IF(I29="""",0,INDEX(FILTER($Q$2:Q28,$C$2:C28=I29,$G$2:G28=G29),ROWS(FILTER($Q$2:Q28,$C$2:C28=I29,$G$2:G28=G29)),1)),1500)"),1485.0) -> 1485 | M29: =IFERROR(__xludf.DUMMYFUNCTION("IFERROR(IF(J29="""",0,INDEX(FILTER($Q$2:Q28,$C$2:C28=J29,$G$2:G28=G29),ROWS(FILTER($Q$2:Q28,$C$2:C28=J29,$G$2:G28=G29)),1)),1500)"),0.0) -> 0 | N29: =IFERROR(__xludf.DUMMYFUNCTION("IFERROR(INDEX(FILTER($Q$2:Q28,$C$2:C28=C29,$G$2:G28=G29),ROWS(FILTER($Q$2:Q28,$C$2:C28=C29,$G$2:G28=G29)),1),1500)"),1498.0) -> 1498 | O29: =IF(M29>0,(K29+L29+M29)/3,IF(L29>0,(K29+L29)/2,K29)) -> 1457 | P29: =ROUND(32*(IF(F29="win",1,0)-1/(1+10^((O29-N29)/400))),0) -> 14 | Q29: =N29+P29 -> 1512
A30: =IFERROR(__xludf.DUMMYFUNCTION("""COMPUTED_VALUE"""),"11GjTLSEnjOXnVNOhoLXoySUIaFij8ygz") -> 11GjTLSEnjOXnVNOhoLXoySUIaFij8ygz | B30: =IFERROR(__xludf.DUMMYFUNCTION("""COMPUTED_VALUE"""),45976.0) -> 45976 | C30: =IFERROR(__xludf.DUMMYFUNCTION("""COMPUTED_VALUE"""),"Malena") -> Malena | D30: =IFERROR(__xludf.DUMMYFUNCTION("""COMPUTED_VALUE"""),"Malena + Tess1509") -> Malena + Tess1509 | E30: =IFERROR(__xludf.DUMMYFUNCTION("""COMPUTED_VALUE"""),"Nebus. + ZeroO") -> Nebus. + ZeroO | F30: =IFERROR(__xludf.DUMMYFUNCTION("""COMPUTED_VALUE"""),"loss") -> loss | G30: =IFERROR(__xludf.DUMMYFUNCTION("""COMPUTED_VALUE"""),"2v2") -> 2v2 | H30: =IFERROR(__xludf.DUMMYFUNCTION("IFERROR(TRIM(INDEX(SPLIT(E30,"" + ""),1)),"""")"),"Nebus.") -> Nebus. | I30: =IFERROR(__xludf.DUMMYFUNCTION("IFERROR(TRIM(INDEX(SPLIT(E30,"" + ""),2)),"""")"),"ZeroO") -> ZeroO | J30: =IFERROR(__xludf.DUMMYFUNCTION("IFERROR(TRIM(INDEX(SPLIT(E30,"" + ""),3)),"""")"),"") | K30: =IFERROR(__xludf.DUMMYFUNCTION("IFERROR(IF(H30="""",0,INDEX(FILTER($Q$2:Q29,$C$2:C29=H30,$G$2:G29=G30),ROWS(FILTER($Q$2:Q29,$C$2:C29=H30,$G$2:G29=G30)),1)),1500)"),1512.0) -> 1512 | L30: =IFERROR(__xludf.DUMMYFUNCTION("IFERROR(IF(I30="""",0,INDEX(FILTER($Q$2:Q29,$C$2:C29=I30,$G$2:G29=G30),ROWS(FILTER($Q$2:Q29,$C$2:C29=I30,$G$2:G29=G30)),1)),1500)"),1569.0) -> 1569 | M30: =IFERROR(__xludf.DUMMYFUNCTION("IFERROR(IF(J30="""",0,INDEX(FILTER($Q$2:Q29,$C$2:C29=J30,$G$2:G29=G30),ROWS(FILTER($Q$2:Q29,$C$2:C29=J30,$G$2:G29=G30)),1)),1500)"),0.0) -> 0 | N30: =IFERROR(__xludf.DUMMYFUNCTION("IFERROR(INDEX(FILTER($Q$2:Q29,$C$2:C29=C30,$G$2:G29=G30),ROWS(FILTER($Q$2:Q29,$C$2:C29=C30,$G$2:G29=G30)),1),1500)"),1429.0) -> 1429 | O30: =IF(M30>0,(K30+L30+M30)/3,IF(L30>0,(K30+L30)/2,K30)) -> 1540.5 | P30: =ROUND(32*(IF(F30="win",1,0)-1/(1+10^((O30-N30)/400))),0) -> -11 | Q30: =N30+P30 -> 1418
A31: =IFERROR(__xludf.DUMMYFUNCTION("""COMPUTED_VALUE"""),"11GjTLSEnjOXnVNOhoLXoySUIaFij8ygz") -> 11GjTLSEnjOXnVNOhoLXoySUIaFij8ygz | B31: =IFERROR(__xludf.DUMMYFUNCTION("""COMPUTED_VALUE"""),45976.0) -> 45976 | C31: =IFERROR(__xludf.DUMMYFUNCTION("""COMPUTED_VALUE"""),"Tess1509") -> Tess1509 | D31: =IFERROR(__xludf.DUMMYFUNCTION("""COMPUTED_VALUE"""),"Malena + Tess1509") -> Malena + Tess1509 | E31: =IFERROR(__xludf.DUMMYFUNCTION("""COMPUTED_VALUE"""),"Nebus. + ZeroO") -> Nebus. + ZeroO | F31: =IFERROR(__xludf.DUMMYFUNCTION("""COMPUTED_VALUE"""),"loss") -> loss | G31: =IFERROR(__xludf.DUMMYFUNCTION("""COMPUTED_VALUE"""),"2v2") -> 2v2 | H31: =IFERROR(__xludf.DUMMYFUNCTION("IFERROR(TRIM(INDEX(SPLIT(E31,"" + ""),1)),"""")"),"Nebus.") -> Nebus. | I31: =IFERROR(__xludf.DUMMYFUNCTION("IFERROR(TRIM(INDEX(SPLIT(E31,"" + ""),2)),"""")"),"ZeroO") -> ZeroO | J31: =IFERROR(__xludf.DUMMYFUNCTION("IFERROR(TRIM(INDEX(SPLIT(E31,"" + ""),3)),"""")"),"") | K31: =IFERROR(__xludf.DUMMYFUNCTION("IFERROR(IF(H31="""",0,INDEX(FILTER($Q$2:Q30,$C$2:C30=H31,$G$2:G30=G31),ROWS(FILTER($Q$2:Q30,$C$2:C30=H31,$G$2:G30=G31)),1)),1500)"),1512.0) -> 1512 | L31: =IFERROR(__xludf.DUMMYFUNCTION("IFERROR(IF(I31="""",0,INDEX(FILTER($Q$2:Q30,$C$2:C30=I31,$G$2:G30=G31),ROWS(FILTER($Q$2:Q30,$C$2:C30=I31,$G$2:G30=G31)),1)),1500)"),1569.0) -> 1569 | M31: =IFERROR(__xludf.DUMMYFUNCTION("IFERROR(IF(J31="""",0,INDEX(FILTER($Q$2:Q30,$C$2:C30=J31,$G$2:G30=G31),ROWS(FILTER($Q$2:Q30,$C$2:C30=J31,$G$2:G30=G31)),1)),1500)"),0.0) -> 0 | N31: =IFERROR(__xludf.DUMMYFUNCTION("IFERROR(INDEX(FILTER($Q$2:Q30,$C$2:C30=C31,$G$2:G30=G31),ROWS(FILTER($Q$2:Q30,$C$2:C30=C31,$G$2:G30=G31)),1),1500)"),1485.0) -> 1485 | O31: =IF(M31>0,(K31+L31+M31)/3,IF(L31>0,(K31+L31)/2,K31)) -> 1540.5 | P31: =ROUND(32*(IF(F31="win",1,0)-1/(1+10^((O31-N31)/400))),0) -> -13 | Q31: =N31+P31 -> 1472
A32: =IFERROR(__xludf.DUMMYFUNCTION("""COMPUTED_VALUE"""),"11GjTLSEnjOXnVNOhoLXoySUIaFij8ygz") -> 11GjTLSEnjOXnVNOhoLXoySUIaFij8ygz | B32: =IFERROR(__xludf.DUMMYFUNCTION("""COMPUTED_VALUE"""),45976.0) -> 45976 | C32: =IFERROR(__xludf.DUMMYFUNCTION("""COMPUTED_VALUE"""),"ZeroO") -> ZeroO | D32: =IFERROR(__xludf.DUMMYFUNCTION("""COMPUTED_VALUE"""),"Nebus. + ZeroO") -> Nebus. + ZeroO | E32: =IFERROR(__xludf.DUMMYFUNCTION("""COMPUTED_VALUE"""),"Malena + Tess1509") -> Malena + Tess1509 | F32: =IFERROR(__xludf.DUMMYFUNCTION("""COMPUTED_VALUE"""),"win") -> win | G32: =IFERROR(__xludf.DUMMYFUNCTION("""COMPUTED_VALUE"""),"2v2") -> 2v2 | H32: =IFERROR(__xludf.DUMMYFUNCTION("IFERROR(TRIM(INDEX(SPLIT(E32,"" + ""),1)),"""")"),"Malena") -> Malena | I32: =IFERROR(__xludf.DUMMYFUNCTION("IFERROR(TRIM(INDEX(SPLIT(E32,"" + ""),2)),"""")"),"Tess1509") -> Tess1509 | J32: =IFERROR(__xludf.DUMMYFUNCTION("IFERROR(TRIM(INDEX(SPLIT(E32,"" + ""),3)),"""")"),"") | K32: =IFERROR(__xludf.DUMMYFUNCTION("IFERROR(IF(H32="""",0,INDEX(FILTER($Q$2:Q31,$C$2:C31=H32,$G$2:G31=G32),ROWS(FILTER($Q$2:Q31,$C$2:C31=H32,$G$2:G31=G32)),1)),1500)"),1418.0) -> 1418 | L32: =IFERROR(__xludf.DUMMYFUNCTION("IFERROR(IF(I32="""",0,INDEX(FILTER($Q$2:Q31,$C$2:C31=I32,$G$2:G31=G32),ROWS(FILTER($Q$2:Q31,$C$2:C31=I32,$G$2:G31=G32)),1)),1500)"),1472.0) -> 1472 | M32: =IFERROR(__xludf.DUMMYFUNCTION("IFERROR(IF(J32="""",0,INDEX(FILTER($Q$2:Q31,$C$2:C31=J32,$G$2:G31=G32),ROWS(FILTER($Q$2:Q31,$C$2:C31=J32,$G$2:G31=G32)),1)),1500)"),0.0) -> 0 | N32: =IFERROR(__xludf.DUMMYFUNCTION("IFERROR(INDEX(FILTER($Q$2:Q31,$C$2:C31=C32,$G$2:G31=G32),ROWS(FILTER($Q$2:Q31,$C$2:C31=C32,$G$2:G31=G32)),1),1500)"),1569.0) -> 1569 | O32: =IF(M32>0,(K32+L32+M32)/3,IF(L32>0,(K32+L32)/2,K32)) -> 1445 | P32: =ROUND(32*(IF(F32="win",1,0)-1/(1+10^((O32-N32)/400))),0) -> 11 | Q32: =N32+P32 -> 1580
A33: =IFERROR(__xludf.DUMMYFUNCTION("""COMPUTED_VALUE"""),"11GjTLSEnjOXnVNOhoLXoySUIaFij8ygz") -> 11GjTLSEnjOXnVNOhoLXoySUIaFij8ygz | B33: =IFERROR(__xludf.DUMMYFUNCTION("""COMPUTED_VALUE"""),45976.0) -> 45976 | C33: =IFERROR(__xludf.DUMMYFUNCTION("""COMPUTED_VALUE"""),"Nebus.") -> Nebus. | D33: =IFERROR(__xludf.DUMMYFUNCTION("""COMPUTED_VALUE"""),"Nebus. + ZeroO") -> Nebus. + ZeroO | E33: =IFERROR(__xludf.DUMMYFUNCTION("""COMPUTED_VALUE"""),"Malena + Tess1509") -> Malena + Tess1509 | F33: =IFERROR(__xludf.DUMMYFUNCTION("""COMPUTED_VALUE"""),"win") -> win | G33: =IFERROR(__xludf.DUMMYFUNCTION("""COMPUTED_VALUE"""),"2v2") -> 2v2 | H33: =IFERROR(__xludf.DUMMYFUNCTION("IFERROR(TRIM(INDEX(SPLIT(E33,"" + ""),1)),"""")"),"Malena") -> Malena | I33: =IFERROR(__xludf.DUMMYFUNCTION("IFERROR(TRIM(INDEX(SPLIT(E33,"" + ""),2)),"""")"),"Tess1509") -> Tess1509 | J33: =IFERROR(__xludf.DUMMYFUNCTION("IFERROR(TRIM(INDEX(SPLIT(E33,"" + ""),3)),"""")"),"") | K33: =IFERROR(__xludf.DUMMYFUNCTION("IFERROR(IF(H33="""",0,INDEX(FILTER($Q$2:Q32,$C$2:C32=H33,$G$2:G32=G33),ROWS(FILTER($Q$2:Q32,$C$2:C32=H33,$G$2:G32=G33)),1)),1500)"),1418.0) -> 1418 | L33: =IFERROR(__xludf.DUMMYFUNCTION("IFERROR(IF(I33="""",0,INDEX(FILTER($Q$2:Q32,$C$2:C32=I33,$G$2:G32=G33),ROWS(FILTER($Q$2:Q32,$C$2:C32=I33,$G$2:G32=G33)),1)),1500)"),1472.0) -> 1472 | M33: =IFERROR(__xludf.DUMMYFUNCTION("IFERROR(IF(J33="""",0,INDEX(FILTER($Q$2:Q32,$C$2:C32=J33,$G$2:G32=G33),ROWS(FILTER($Q$2:Q32,$C$2:C32=J33,$G$2:G32=G33)),1)),1500)"),0.0) -> 0 | N33: =IFERROR(__xludf.DUMMYFUNCTION("IFERROR(INDEX(FILTER($Q$2:Q32,$C$2:C32=C33,$G$2:G32=G33),ROWS(FILTER($Q$2:Q32,$C$2:C32=C33,$G$2:G32=G33)),1),1500)"),1512.0) -> 1512 | O33: =IF(M33>0,(K33+L33+M33)/3,IF(L33>0,(K33+L33)/2,K33)) -> 1445 | P33: =ROUND(32*(IF(F33="win",1,0)-1/(1+10^((O33-N33)/400))),0) -> 13 | Q33: =N33+P33 -> 1525
